Date;Time;U(Volts);I(Amps);P(Wt);Pnom;L(Wt/m^2);T(deg.Cels.)
2021-04-23;0:00:02;90;1;1;1;1;1
2021-04-23;0:00:32;90;1;1;1;1;1
2021-04-23;0:01:02;90;1;1;1;1;1
2021-04-23;0:01:32;90;1;1;1;1;1
2021-04-23;0:02:02;90;1;1;1;1;1
2021-04-23;0:02:32;90;1;1;1;1;1
2021-04-23;0:03:02;90;1;1;1;1;1
2021-04-23;0:03:32;90;1;1;1;1;1
2021-04-23;0:04:02;90;1;1;1;1;1
2021-04-23;0:04:32;90;1;1;1;1;1
2021-04-23;0:05:02;90;1;1;1;1;1
2021-04-23;0:05:32;90;1;1;1;1;1
2021-04-23;0:06:02;90;1;1;1;1;1
2021-04-23;0:06:32;90;1;1;1;1;1
2021-04-23;0:07:02;90;1;1;1;1;1
2021-04-23;0:07:32;90;1;1;1;1;1
2021-04-23;0:08:02;90;1;1;1;1;1
2021-04-23;0:08:32;90;1;1;1;1;1
2021-04-23;0:09:02;90;1;1;1;1;1
2021-04-23;0:09:32;90;1;1;1;1;1
2021-04-23;0:10:02;90;1;1;1;1;1
2021-04-23;0:10:32;90;1;1;1;1;1
2021-04-23;0:11:02;90;1;1;1;1;1
2021-04-23;0:11:32;90;1;1;1;1;1
2021-04-23;0:12:02;90;1;1;1;1;1
2021-04-23;0:12:32;90;1;1;1;1;1
2021-04-23;0:13:02;90;1;1;1;1;1
2021-04-23;0:13:32;90;1;1;1;1;1
2021-04-23;0:14:02;90;1;1;1;1;1
2021-04-23;0:14:32;90;1;1;1;1;1
2021-04-23;0:15:02;90;1;1;1;1;1
2021-04-23;0:15:32;90;1;1;1;1;1
2021-04-23;0:16:02;90;1;1;1;1;1
2021-04-23;0:16:32;90;1;1;1;1;1
2021-04-23;0:17:02;90;1;1;1;1;1
2021-04-23;0:17:32;90;1;1;1;1;1
2021-04-23;0:18:02;90;1;1;1;1;1
2021-04-23;0:18:32;90;1;1;1;1;1
2021-04-23;0:19:02;90;1;1;1;1;1
2021-04-23;0:19:32;90;1;1;1;1;1
2021-04-23;0:20:02;90;1;1;1;1;1
2021-04-23;0:20:32;90;1;1;1;1;1
2021-04-23;0:21:02;90;1;1;1;1;1
2021-04-23;0:21:32;90;1;1;1;1;1
2021-04-23;0:22:02;90;1;1;1;1;1
2021-04-23;0:22:32;90;1;1;1;1;1
2021-04-23;0:23:02;90;1;1;1;1;1
2021-04-23;0:23:32;90;1;1;1;1;1
2021-04-23;0:24:02;90;1;1;1;1;1
2021-04-23;0:24:32;90;1;1;1;1;1
2021-04-23;0:25:02;90;1;1;1;1;1
2021-04-23;0:25:32;90;1;1;1;1;1
2021-04-23;0:26:02;90;1;1;1;1;1
2021-04-23;0:26:32;90;1;1;1;1;1
2021-04-23;0:27:02;90;1;1;1;1;1
2021-04-23;0:27:32;90;1;1;1;1;1
2021-04-23;0:28:02;90;1;1;1;1;1
2021-04-23;0:28:32;90;1;1;1;1;1
2021-04-23;0:29:02;90;1;1;1;1;1
2021-04-23;0:29:32;90;1;1;1;1;1
2021-04-23;0:30:02;90;1;1;1;1;1
2021-04-23;0:30:32;90;1;1;1;1;1
2021-04-23;0:31:02;90;1;1;1;1;1
2021-04-23;0:31:32;90;1;1;1;1;1
2021-04-23;0:32:02;90;1;1;1;1;1
2021-04-23;0:32:32;90;1;1;1;1;1
2021-04-23;0:33:02;90;1;1;1;1;1
2021-04-23;0:33:32;90;1;1;1;1;1
2021-04-23;0:34:02;90;1;1;1;1;1
2021-04-23;0:34:32;90;1;1;1;1;1
2021-04-23;0:35:02;90;1;1;1;1;1
2021-04-23;0:35:32;90;1;1;1;1;1
2021-04-23;0:36:02;90;1;1;1;1;1
2021-04-23;0:36:32;90;1;1;1;1;1
2021-04-23;0:37:02;90;1;1;1;1;1
2021-04-23;0:37:32;90;1;1;1;1;1
2021-04-23;0:38:02;90;1;1;1;1;1
2021-04-23;0:38:32;90;1;1;1;1;1
2021-04-23;0:39:02;90;1;1;1;1;1
2021-04-23;0:39:32;90;1;1;1;1;1
2021-04-23;0:40:02;90;1;1;1;1;1
2021-04-23;0:40:32;90;1;1;1;1;1
2021-04-23;0:41:02;90;1;1;1;1;1
2021-04-23;0:41:32;90;1;1;1;1;1
2021-04-23;0:42:02;90;1;1;1;1;1
2021-04-23;0:42:32;90;1;1;1;1;1
2021-04-23;0:43:02;90;1;1;1;1;1
2021-04-23;0:43:32;90;1;1;1;1;1
2021-04-23;0:44:02;90;1;1;1;1;1
2021-04-23;0:44:32;90;1;1;1;1;1
2021-04-23;0:45:02;90;1;1;1;1;1
2021-04-23;0:45:32;90;1;1;1;1;1
2021-04-23;0:46:02;90;1;1;1;1;1
2021-04-23;0:46:32;90;1;1;1;1;1
2021-04-23;0:47:02;90;1;1;1;1;1
2021-04-23;0:47:32;90;1;1;1;1;1
2021-04-23;0:48:02;90;1;1;1;1;1
2021-04-23;0:48:32;90;1;1;1;1;1
2021-04-23;0:49:02;90;1;1;1;1;1
2021-04-23;0:49:32;90;1;1;1;1;1
2021-04-23;0:50:02;90;1;1;1;1;1
2021-04-23;0:50:32;90;1;1;1;1;1
2021-04-23;0:51:02;90;1;1;1;1;1
2021-04-23;0:51:32;90;1;1;1;1;1
2021-04-23;0:52:02;90;1;1;1;1;1
2021-04-23;0:52:32;90;1;1;1;1;1
2021-04-23;0:53:02;90;1;1;1;1;1
2021-04-23;0:53:32;90;1;1;1;1;1
2021-04-23;0:54:02;90;1;1;1;1;1
2021-04-23;0:54:32;90;1;1;1;1;1
2021-04-23;0:55:02;90;1;1;1;1;1
2021-04-23;0:55:32;90;1;1;1;1;1
2021-04-23;0:56:02;90;1;1;1;1;1
2021-04-23;0:56:32;90;1;1;1;1;1
2021-04-23;0:57:02;90;1;1;1;1;1
2021-04-23;0:57:32;90;1;1;1;1;1
2021-04-23;0:58:02;90;1;1;1;1;1
2021-04-23;0:58:32;90;1;1;1;1;1
2021-04-23;0:59:02;90;1;1;1;1;1
2021-04-23;0:59:32;90;1;1;1;1;1
2021-04-23;1:00:02;90;1;1;1;1;1
2021-04-23;1:00:32;90;1;1;1;1;1
2021-04-23;1:01:02;90;1;1;1;1;1
2021-04-23;1:01:32;90;1;1;1;1;1
2021-04-23;1:02:02;90;1;1;1;1;1
2021-04-23;1:02:32;90;1;1;1;1;1
2021-04-23;1:03:02;90;1;1;1;1;1
2021-04-23;1:03:32;90;1;1;1;1;1
2021-04-23;1:04:02;90;1;1;1;1;1
2021-04-23;1:04:32;90;1;1;1;1;1
2021-04-23;1:05:02;90;1;1;1;1;1
2021-04-23;1:05:32;90;1;1;1;1;1
2021-04-23;1:06:02;90;1;1;1;1;1
2021-04-23;1:06:32;90;1;1;1;1;1
2021-04-23;1:07:02;90;1;1;1;1;1
2021-04-23;1:07:32;90;1;1;1;1;1
2021-04-23;1:08:02;90;1;1;1;1;1
2021-04-23;1:08:32;90;1;1;1;1;1
2021-04-23;1:09:02;90;1;1;1;1;1
2021-04-23;1:09:32;90;1;1;1;1;1
2021-04-23;1:10:02;90;1;1;1;1;1
2021-04-23;1:10:32;90;1;1;1;1;1
2021-04-23;1:11:02;90;1;1;1;1;1
2021-04-23;1:11:32;90;1;1;1;1;1
2021-04-23;1:12:02;90;1;1;1;1;1
2021-04-23;1:12:32;90;1;1;1;1;1
2021-04-23;1:13:02;90;1;1;1;1;1
2021-04-23;1:13:32;90;1;1;1;1;1
2021-04-23;1:14:02;90;1;1;1;1;1
2021-04-23;1:14:32;90;1;1;1;1;1
2021-04-23;1:15:02;90;1;1;1;1;1
2021-04-23;1:15:32;90;1;1;1;1;1
2021-04-23;1:16:02;90;1;1;1;1;1
2021-04-23;1:16:32;90;1;1;1;1;1
2021-04-23;1:17:02;90;1;1;1;1;1
2021-04-23;1:17:32;90;1;1;1;1;1
2021-04-23;1:18:02;90;1;1;1;1;1
2021-04-23;1:18:32;90;1;1;1;1;1
2021-04-23;1:19:02;90;1;1;1;1;1
2021-04-23;1:19:32;90;1;1;1;1;1
2021-04-23;1:20:02;90;1;1;1;1;1
2021-04-23;1:20:32;90;1;1;1;1;1
2021-04-23;1:21:02;90;1;1;1;1;1
2021-04-23;1:21:32;90;1;1;1;1;1
2021-04-23;1:22:02;90;1;1;1;1;1
2021-04-23;1:22:32;90;1;1;1;1;1
2021-04-23;1:23:02;90;1;1;1;1;1
2021-04-23;1:23:32;90;1;1;1;1;1
2021-04-23;1:24:02;90;1;1;1;1;1
2021-04-23;1:24:32;90;1;1;1;1;1
2021-04-23;1:25:02;90;1;1;1;1;1
2021-04-23;1:25:32;90;1;1;1;1;1
2021-04-23;1:26:02;90;1;1;1;1;1
2021-04-23;1:26:32;90;1;1;1;1;1
2021-04-23;1:27:02;90;1;1;1;1;1
2021-04-23;1:27:32;90;1;1;1;1;1
2021-04-23;1:28:02;90;1;1;1;1;1
2021-04-23;1:28:32;90;1;1;1;1;1
2021-04-23;1:29:02;90;1;1;1;1;1
2021-04-23;1:29:32;90;1;1;1;1;1
2021-04-23;1:30:02;90;1;1;1;1;1
2021-04-23;1:30:32;90;1;1;1;1;1
2021-04-23;1:31:02;90;1;1;1;1;1
2021-04-23;1:31:32;90;1;1;1;1;1
2021-04-23;1:32:02;90;1;1;1;1;1
2021-04-23;1:32:32;90;1;1;1;1;1
2021-04-23;1:33:02;90;1;1;1;1;1
2021-04-23;1:33:32;90;1;1;1;1;1
2021-04-23;1:34:02;90;1;1;1;1;1
2021-04-23;1:34:32;90;1;1;1;1;1
2021-04-23;1:35:02;90;1;1;1;1;1
2021-04-23;1:35:32;90;1;1;1;1;1
2021-04-23;1:36:02;90;1;1;1;1;1
2021-04-23;1:36:32;90;1;1;1;1;1
2021-04-23;1:37:02;90;1;1;1;1;1
2021-04-23;1:37:32;90;1;1;1;1;1
2021-04-23;1:38:02;90;1;1;1;1;1
2021-04-23;1:38:32;90;1;1;1;1;1
2021-04-23;1:39:02;90;1;1;1;1;1
2021-04-23;1:39:32;90;1;1;1;1;1
2021-04-23;1:40:02;90;1;1;1;1;1
2021-04-23;1:40:32;90;1;1;1;1;1
2021-04-23;1:41:02;90;1;1;1;1;1
2021-04-23;1:41:32;90;1;1;1;1;1
2021-04-23;1:42:02;90;1;1;1;1;1
2021-04-23;1:42:32;90;1;1;1;1;1
2021-04-23;1:43:02;90;1;1;1;1;1
2021-04-23;1:43:32;90;1;1;1;1;1
2021-04-23;1:44:02;90;1;1;1;1;1
2021-04-23;1:44:32;90;1;1;1;1;1
2021-04-23;1:45:02;90;1;1;1;1;1
2021-04-23;1:45:32;90;1;1;1;1;1
2021-04-23;1:46:02;90;1;1;1;1;1
2021-04-23;1:46:32;90;1;1;1;1;1
2021-04-23;1:47:02;90;1;1;1;1;1
2021-04-23;1:47:32;90;1;1;1;1;1
2021-04-23;1:48:02;90;1;1;1;1;1
2021-04-23;1:48:32;1;1;1;1;1;1
2021-04-23;1:49:02;1;1;1;1;1;1
2021-04-23;1:49:32;1;1;1;1;1;1
2021-04-23;1:50:02;1;1;1;1;1;1
2021-04-23;1:50:32;1;1;1;1;1;1
2021-04-23;1:51:02;1;1;1;1;1;1
2021-04-23;1:51:32;1;1;1;1;1;1
2021-04-23;1:52:02;1;1;1;1;1;1
2021-04-23;1:52:32;1;1;1;1;1;1
2021-04-23;1:53:02;1;1;1;1;1;1
2021-04-23;1:53:32;1;1;1;1;1;1
2021-04-23;1:54:02;1;1;1;1;1;1
2021-04-23;1:54:32;1;1;1;1;1;1
2021-04-23;1:55:02;1;1;1;1;1;1
2021-04-23;1:55:32;1;1;1;1;1;1
2021-04-23;1:56:02;1;1;1;1;1;1
2021-04-23;1:56:32;1;1;1;1;1;1
2021-04-23;1:57:02;1;1;1;1;1;1
2021-04-23;1:57:32;1;1;1;1;1;1
2021-04-23;1:58:02;1;1;1;1;1;1
2021-04-23;1:58:32;1;1;1;1;1;1
2021-04-23;1:59:02;1;1;1;1;1;1
2021-04-23;1:59:32;1;1;1;1;1;1
2021-04-23;2:00:02;1;1;1;1;1;1
2021-04-23;2:00:32;1;1;1;1;1;1
2021-04-23;2:01:02;1;1;1;1;1;1
2021-04-23;2:01:32;1;1;1;1;1;1
2021-04-23;2:02:02;1;1;1;1;1;1
2021-04-23;2:02:32;1;1;1;1;1;1
2021-04-23;2:03:02;1;1;1;1;1;1
2021-04-23;2:03:32;1;1;1;1;1;1
2021-04-23;2:04:02;1;1;1;1;1;1
2021-04-23;2:04:32;1;1;1;1;1;1
2021-04-23;2:05:02;1;1;1;1;1;1
2021-04-23;2:05:32;1;1;1;1;1;1
2021-04-23;2:06:02;1;1;1;1;1;1
2021-04-23;2:06:32;1;1;1;1;1;1
2021-04-23;2:07:02;1;1;1;1;1;1
2021-04-23;2:07:32;1;1;1;1;1;1
2021-04-23;2:08:02;1;1;1;1;1;1
2021-04-23;2:08:32;1;1;1;1;1;1
2021-04-23;2:09:02;1;1;1;1;1;1
2021-04-23;2:09:32;1;1;1;1;1;1
2021-04-23;2:10:02;1;1;1;1;1;1
2021-04-23;2:10:32;1;1;1;1;1;1
2021-04-23;2:11:02;1;1;1;1;1;1
2021-04-23;2:11:32;1;1;1;1;1;1
2021-04-23;2:12:02;1;1;1;1;1;1
2021-04-23;2:12:32;1;1;1;1;1;1
2021-04-23;2:13:02;1;1;1;1;1;1
2021-04-23;2:13:32;1;1;1;1;1;1
2021-04-23;2:14:02;1;1;1;1;1;1
2021-04-23;2:14:32;1;1;1;1;1;1
2021-04-23;2:15:02;1;1;1;1;1;1
2021-04-23;2:15:32;1;1;1;1;1;1
2021-04-23;2:16:02;1;1;1;1;1;1
2021-04-23;2:16:32;1;1;1;1;1;1
2021-04-23;2:17:02;1;1;1;1;1;1
2021-04-23;2:17:32;1;1;1;1;1;1
2021-04-23;2:18:02;1;1;1;1;1;1
2021-04-23;2:18:32;1;1;1;1;1;1
2021-04-23;2:19:02;1;1;1;1;1;1
2021-04-23;2:19:32;1;1;1;1;1;1
2021-04-23;2:20:02;1;1;1;1;1;1
2021-04-23;2:20:32;1;1;1;1;1;1
2021-04-23;2:21:02;1;1;1;1;1;1
2021-04-23;2:21:32;1;1;1;1;1;1
2021-04-23;2:22:02;1;1;1;1;1;1
2021-04-23;2:22:32;1;1;1;1;1;1
2021-04-23;2:23:02;1;1;1;1;1;1
2021-04-23;2:23:32;1;1;1;1;1;1
2021-04-23;2:24:02;1;1;1;1;1;1
2021-04-23;2:24:32;1;1;1;1;1;1
2021-04-23;2:25:02;1;1;1;1;1;1
2021-04-23;2:25:32;1;1;1;1;1;1
2021-04-23;2:26:02;1;1;1;1;1;1
2021-04-23;2:26:32;1;1;1;1;1;1
2021-04-23;2:27:02;1;1;1;1;1;1
2021-04-23;2:27:32;1;1;1;1;1;1
2021-04-23;2:28:02;1;1;1;1;1;1
2021-04-23;2:28:32;1;1;1;1;1;1
2021-04-23;2:29:02;1;1;1;1;1;1
2021-04-23;2:29:32;1;1;1;1;1;1
2021-04-23;2:30:02;1;1;1;1;1;1
2021-04-23;2:30:32;1;1;1;1;1;1
2021-04-23;2:31:02;1;1;1;1;1;1
2021-04-23;2:31:32;1;1;1;1;1;1
2021-04-23;2:32:02;1;1;1;1;1;1
2021-04-23;2:32:32;1;1;1;1;1;1
2021-04-23;2:33:02;1;1;1;1;1;1
2021-04-23;2:33:32;1;1;1;1;1;1
2021-04-23;2:34:02;1;1;1;1;1;1
2021-04-23;2:34:32;1;1;1;1;1;1
2021-04-23;2:35:02;1;1;1;1;1;1
2021-04-23;2:35:32;1;1;1;1;1;1
2021-04-23;2:36:02;1;1;1;1;1;1
2021-04-23;2:36:32;1;1;1;1;1;1
2021-04-23;2:37:02;1;1;1;1;1;1
2021-04-23;2:37:32;1;1;1;1;1;1
2021-04-23;2:38:02;1;1;1;1;1;1
2021-04-23;2:38:32;1;1;1;1;1;1
2021-04-23;2:39:02;1;1;1;1;1;1
2021-04-23;2:39:32;1;1;1;1;1;1
2021-04-23;2:40:02;1;1;1;1;1;1
2021-04-23;2:40:32;1;1;1;1;1;1
2021-04-23;2:41:02;1;1;1;1;1;1
2021-04-23;2:41:32;1;1;1;1;1;1
2021-04-23;2:42:02;1;1;1;1;1;1
2021-04-23;2:42:32;1;1;1;1;1;1
2021-04-23;2:43:02;1;1;1;1;1;1
2021-04-23;2:43:32;1;1;1;1;1;1
2021-04-23;2:44:02;1;1;1;1;1;1
2021-04-23;2:44:32;1;1;1;1;1;1
2021-04-23;2:45:02;1;1;1;1;1;1
2021-04-23;2:45:32;1;1;1;1;1;1
2021-04-23;2:46:02;1;1;1;1;1;1
2021-04-23;2:46:32;1;1;1;1;1;1
2021-04-23;2:47:02;1;1;1;1;1;1
2021-04-23;2:47:32;1;1;1;1;1;1
2021-04-23;2:48:02;1;1;1;1;1;1
2021-04-23;2:48:32;1;50;1;1;1;1
2021-04-23;2:49:02;1;50;1;1;1;1
2021-04-23;2:49:32;1;50;1;1;1;1
2021-04-23;2:50:02;1;50;1;1;1;1
2021-04-23;2:50:32;1;50;1;1;1;1
2021-04-23;2:51:02;1;50;1;1;1;1
2021-04-23;2:51:32;1;50;1;1;1;1
2021-04-23;2:52:02;1;50;1;1;1;1
2021-04-23;2:52:32;1;50;1;1;1;1
2021-04-23;2:53:02;1;50;1;1;1;1
2021-04-23;2:53:32;1;50;1;1;1;1
2021-04-23;2:54:02;1;50;1;1;1;1
2021-04-23;2:54:32;1;50;1;1;1;1
2021-04-23;2:55:02;1;50;1;1;1;1
2021-04-23;2:55:32;1;50;1;1;1;1
2021-04-23;2:56:02;1;50;1;1;1;1
2021-04-23;2:56:32;1;50;1;1;1;1
2021-04-23;2:57:02;1;50;1;1;1;1
2021-04-23;2:57:32;1;50;1;1;1;1
2021-04-23;2:58:02;1;50;1;1;1;1
2021-04-23;2:58:32;1;50;1;1;1;1
2021-04-23;2:59:02;1;50;1;1;1;1
2021-04-23;2:59:32;1;50;1;1;1;1
2021-04-23;3:00:02;1;50;1;1;1;1
2021-04-23;3:00:32;1;50;1;1;1;1
2021-04-23;3:01:02;1;50;1;1;1;1
2021-04-23;3:01:32;1;50;1;1;1;1
2021-04-23;3:02:02;1;50;1;1;1;1
2021-04-23;3:02:32;1;50;1;1;1;1
2021-04-23;3:03:02;1;50;1;1;1;1
2021-04-23;3:03:32;1;50;1;1;1;1
2021-04-23;3:04:02;1;50;1;1;1;1
2021-04-23;3:04:32;1;50;1;1;1;1
2021-04-23;3:05:02;1;50;1;1;1;1
2021-04-23;3:05:32;1;50;1;1;1;1
2021-04-23;3:06:02;1;50;1;1;1;1
2021-04-23;3:06:32;1;50;1;1;1;1
2021-04-23;3:07:02;1;50;1;1;1;1
2021-04-23;3:07:32;1;50;1;1;1;1
2021-04-23;3:08:02;1;50;1;1;1;1
2021-04-23;3:08:32;1;50;1;1;1;1
2021-04-23;3:09:02;1;50;1;1;1;1
2021-04-23;3:09:32;1;50;1;1;1;1
2021-04-23;3:10:02;1;50;1;1;1;1
2021-04-23;3:10:32;1;50;1;1;1;1
2021-04-23;3:11:02;1;50;1;1;1;1
2021-04-23;3:11:32;1;50;1;1;1;1
2021-04-23;3:12:02;1;50;1;1;1;1
2021-04-23;3:12:32;1;50;1;1;1;1
2021-04-23;3:13:02;1;50;1;1;1;1
2021-04-23;3:13:32;1;50;1;1;1;1
2021-04-23;3:14:02;1;50;1;1;1;1
2021-04-23;3:14:32;1;50;1;1;1;1
2021-04-23;3:15:02;1;50;1;1;1;1
2021-04-23;3:15:32;1;50;1;1;1;1
2021-04-23;3:16:02;1;50;1;1;1;1
2021-04-23;3:16:32;1;50;1;1;1;1
2021-04-23;3:17:02;1;50;1;1;1;1
2021-04-23;3:17:32;1;50;1;1;1;1
2021-04-23;3:18:02;1;50;1;1;1;1
2021-04-23;3:18:32;1;50;1;1;1;1
2021-04-23;3:19:02;1;50;1;1;1;1
2021-04-23;3:19:32;1;50;1;1;1;1
2021-04-23;3:20:02;1;50;1;1;1;1
2021-04-23;3:20:32;1;50;1;1;1;1
2021-04-23;3:21:02;1;50;1;1;1;1
2021-04-23;3:21:32;1;50;1;1;1;1
2021-04-23;3:22:02;1;50;1;1;1;1
2021-04-23;3:22:32;1;50;1;1;1;1
2021-04-23;3:23:02;1;50;1;1;1;1
2021-04-23;3:23:32;1;50;1;1;1;1
2021-04-23;3:24:02;1;50;1;1;1;1
2021-04-23;3:24:32;1;50;1;1;1;1
2021-04-23;3:25:02;1;50;1;1;1;1
2021-04-23;3:25:32;1;50;1;1;1;1
2021-04-23;3:26:02;1;50;1;1;1;1
2021-04-23;3:26:32;1;50;1;1;1;1
2021-04-23;3:27:02;1;50;1;1;1;1
2021-04-23;3:27:32;1;50;1;1;1;1
2021-04-23;3:28:02;1;50;1;1;1;1
2021-04-23;3:28:32;1;50;1;1;1;1
2021-04-23;3:29:02;1;50;1;1;1;1
2021-04-23;3:29:32;1;50;1;1;1;1
2021-04-23;3:30:02;1;50;1;1;1;1
2021-04-23;3:30:32;1;50;1;1;1;1
2021-04-23;3:31:02;1;50;1;1;1;1
2021-04-23;3:31:32;1;50;1;1;1;1
2021-04-23;3:32:02;1;50;1;1;1;1
2021-04-23;3:32:32;1;50;1;1;1;1
2021-04-23;3:33:02;1;50;1;1;1;1
2021-04-23;3:33:32;1;50;1;1;1;1
2021-04-23;3:34:02;1;50;1;1;1;1
2021-04-23;3:34:32;1;50;1;1;1;1
2021-04-23;3:35:02;1;50;1;1;1;1
2021-04-23;3:35:32;1;50;1;1;1;1
2021-04-23;3:36:02;1;50;1;1;1;1
2021-04-23;3:36:32;1;50;1;1;1;1
2021-04-23;3:37:02;1;50;1;1;1;1
2021-04-23;3:37:32;1;50;1;1;1;1
2021-04-23;3:38:02;1;50;1;1;1;1
2021-04-23;3:38:32;1;50;1;1;1;1
2021-04-23;3:39:02;1;50;1;1;1;1
2021-04-23;3:39:32;1;50;1;1;1;1
2021-04-23;3:40:02;1;50;1;1;1;1
2021-04-23;3:40:32;1;50;1;1;1;1
2021-04-23;3:41:02;1;50;1;1;1;1
2021-04-23;3:41:32;1;50;1;1;1;1
2021-04-23;3:42:02;1;50;1;1;1;1
2021-04-23;3:42:32;1;50;1;1;1;1
2021-04-23;3:43:02;1;50;1;1;1;1
2021-04-23;3:43:32;1;50;1;1;1;1
2021-04-23;3:44:02;1;50;1;1;1;1
2021-04-23;3:44:32;1;50;1;1;1;1
2021-04-23;3:45:02;1;50;1;1;1;1
2021-04-23;3:45:32;1;50;1;1;1;1
2021-04-23;3:46:02;1;50;1;1;1;1
2021-04-23;3:46:32;1;50;1;1;1;1
2021-04-23;3:47:02;1;50;1;1;1;1
2021-04-23;3:47:32;1;50;1;1;1;1
2021-04-23;3:48:02;1;50;1;1;1;1
2021-04-23;3:48:32;1;50;1;1;1;1
2021-04-23;3:49:02;1;50;1;1;1;1
2021-04-23;3:49:32;1;50;1;1;1;1
2021-04-23;3:50:02;1;50;1;1;1;1
2021-04-23;3:50:32;1;50;1;1;1;1
2021-04-23;3:51:02;1;50;1;1;1;1
2021-04-23;3:51:32;1;50;1;1;1;1
2021-04-23;3:52:02;1;50;1;1;1;1
2021-04-23;3:52:32;1;50;1;1;1;1
2021-04-23;3:53:02;1;50;1;1;1;1
2021-04-23;3:53:32;1;50;1;1;1;1
2021-04-23;3:54:02;1;50;1;1;1;1
2021-04-23;3:54:32;1;50;1;1;1;1
2021-04-23;3:55:02;1;50;1;1;1;1
2021-04-23;3:55:32;1;50;1;1;1;1
2021-04-23;3:56:02;1;50;1;1;1;1
2021-04-23;3:56:32;1;50;1;1;1;1
2021-04-23;3:57:02;1;50;1;1;1;1
2021-04-23;3:57:32;1;50;1;1;1;1
2021-04-23;3:58:02;1;50;1;1;1;1
2021-04-23;3:58:32;1;50;1;1;1;1
2021-04-23;3:59:02;1;50;1;1;1;1
2021-04-23;3:59:32;1;50;1;1;1;1
2021-04-23;4:00:02;1;50;1;1;1;1
2021-04-23;4:00:32;1;50;1;1;1;1
2021-04-23;4:01:02;1;50;1;1;1;1
2021-04-23;4:01:32;1;50;1;1;1;1
2021-04-23;4:02:02;1;50;1;1;1;1
2021-04-23;4:02:32;1;50;1;1;1;1
2021-04-23;4:03:02;1;50;1;1;1;1
2021-04-23;4:03:32;1;50;1;1;1;1
2021-04-23;4:04:02;1;50;1;1;1;1
2021-04-23;4:04:32;1;50;1;1;1;1
2021-04-23;4:05:02;1;50;1;1;1;1
2021-04-23;4:05:32;1;50;1;1;1;1
2021-04-23;4:06:02;1;50;1;1;1;1
2021-04-23;4:06:32;1;50;1;1;1;1
2021-04-23;4:07:02;1;50;1;1;1;1
2021-04-23;4:07:32;1;50;1;1;1;1
2021-04-23;4:08:02;1;50;1;1;1;1
2021-04-23;4:08:32;1;50;1;1;1;1
2021-04-23;4:09:02;1;50;1;1;1;1
2021-04-23;4:09:32;1;50;1;1;1;1
2021-04-23;4:10:02;1;50;1;1;1;1
2021-04-23;4:10:32;1;50;1;1;1;1
2021-04-23;4:11:02;1;50;1;1;1;1
2021-04-23;4:11:32;1;50;1;1;1;1
2021-04-23;4:12:02;1;50;1;1;1;1
2021-04-23;4:12:32;1;50;1;1;1;1
2021-04-23;4:13:02;1;50;1;1;1;1
2021-04-23;4:13:32;1;50;1;1;1;1
2021-04-23;4:14:02;1;50;1;1;1;1
2021-04-23;4:14:32;1;50;1;1;1;1
2021-04-23;4:15:02;1;50;1;1;1;1
2021-04-23;4:15:32;1;50;1;1;1;1
2021-04-23;4:16:02;1;50;1;1;1;1
2021-04-23;4:16:32;1;50;1;1;1;1
2021-04-23;4:17:02;1;50;1;1;1;1
2021-04-23;4:17:32;1;50;1;1;1;1
2021-04-23;4:18:02;1;50;1;1;1;1
2021-04-23;4:18:32;1;50;1;1;1;1
2021-04-23;4:19:02;1;50;1;1;1;1
2021-04-23;4:19:32;1;50;1;1;1;1
2021-04-23;4:20:02;1;50;1;1;1;1
2021-04-23;4:20:32;1;50;1;1;1;1
2021-04-23;4:21:02;1;50;1;1;1;1
2021-04-23;4:21:32;1;50;1;1;1;1
2021-04-23;4:22:02;1;50;1;1;1;1
2021-04-23;4:22:32;1;50;1;1;1;1
2021-04-23;4:23:02;1;50;1;1;1;1
2021-04-23;4:23:32;1;50;1;1;1;1
2021-04-23;4:24:02;1;50;1;1;1;1
2021-04-23;4:24:32;1;50;1;1;1;1
2021-04-23;4:25:02;1;50;1;1;1;1
2021-04-23;4:25:32;1;50;1;1;1;1
2021-04-23;4:26:02;1;50;1;1;1;1
2021-04-23;4:26:32;1;50;1;1;1;1
2021-04-23;4:27:02;1;50;1;1;1;1
2021-04-23;4:27:32;1;50;1;1;1;1
2021-04-23;4:28:02;1;50;1;1;1;1
2021-04-23;4:28:32;1;50;1;1;1;1
2021-04-23;4:29:02;1;50;1;1;1;1
2021-04-23;4:29:32;1;50;1;1;1;1
2021-04-23;4:30:02;1;50;1;1;1;1
2021-04-23;4:30:32;1;50;1;1;1;1
2021-04-23;4:31:02;1;50;1;1;1;1
2021-04-23;4:31:32;1;50;1;1;1;1
2021-04-23;4:32:02;1;50;1;1;1;1
2021-04-23;4:32:32;1;50;1;1;1;1
2021-04-23;4:33:02;1;50;1;1;1;1
2021-04-23;4:33:32;1;50;1;1;1;1
2021-04-23;4:34:02;1;50;1;1;1;1
2021-04-23;4:34:32;1;50;1;1;1;1
2021-04-23;4:35:02;1;50;1;1;1;1
2021-04-23;4:35:32;1;50;1;1;1;1
2021-04-23;4:36:02;1;50;1;1;1;1
2021-04-23;4:36:32;1;50;1;1;1;1
2021-04-23;4:37:02;1;50;1;1;1;1
2021-04-23;4:37:32;1;50;1;1;1;1
2021-04-23;4:38:02;1;50;1;1;1;1
2021-04-23;4:38:32;1;50;1;1;1;1
2021-04-23;4:39:02;1;50;1;1;1;1
2021-04-23;4:39:32;1;50;1;1;1;1
2021-04-23;4:40:02;1;50;1;1;1;1
2021-04-23;4:40:32;1;50;1;1;1;1
2021-04-23;4:41:02;1;50;1;1;1;1
2021-04-23;4:41:32;1;50;1;1;1;1
2021-04-23;4:42:02;1;50;1;1;1;1
2021-04-23;4:42:32;1;50;1;1;1;1
2021-04-23;4:43:02;1;50;1;1;1;1
2021-04-23;4:43:32;1;50;1;1;1;1
2021-04-23;4:44:02;1;50;1;1;1;1
2021-04-23;4:44:32;1;50;1;1;1;1
2021-04-23;4:45:02;1;50;1;1;1;1
2021-04-23;4:45:32;1;50;1;1;1;1
2021-04-23;4:46:02;1;50;1;1;1;1
2021-04-23;4:46:32;1;50;1;1;1;1
2021-04-23;4:47:02;1;50;1;1;1;1
2021-04-23;4:47:32;1;50;1;1;1;1
2021-04-23;4:48:02;1;50;1;1;1;1
2021-04-23;4:48:32;1;50;1;1;1;1
2021-04-23;4:49:02;1;50;1;1;1;1
2021-04-23;4:49:32;1;50;1;1;1;1
2021-04-23;4:50:02;1;50;1;1;1;1
2021-04-23;4:50:32;1;50;1;1;1;1
2021-04-23;4:51:02;1;50;1;1;1;1
2021-04-23;4:51:32;1;50;1;1;1;1
2021-04-23;4:52:02;1;50;1;1;1;1
2021-04-23;4:52:32;1;50;1;1;1;1
2021-04-23;4:53:02;1;50;1;1;1;1
2021-04-23;4:53:32;1;50;1;1;1;1
2021-04-23;4:54:02;1;50;1;1;1;1
2021-04-23;4:54:32;1;50;1;1;1;1
2021-04-23;4:55:02;1;50;1;1;1;1
2021-04-23;4:55:32;1;50;1;1;1;1
2021-04-23;4:56:02;1;50;1;1;1;1
2021-04-23;4:56:32;1;50;1;1;1;1
2021-04-23;4:57:02;1;50;1;1;1;1
2021-04-23;4:57:32;1;50;1;1;1;1
2021-04-23;4:58:02;1;50;1;1;1;1
2021-04-23;4:58:32;1;50;1;1;1;1
2021-04-23;4:59:02;1;50;1;1;1;1
2021-04-23;4:59:32;1;50;1;1;1;1
2021-04-23;5:00:02;1;50;1;1;1;1
2021-04-23;5:00:32;1;50;1;1;1;1
2021-04-23;5:01:02;1;50;1;1;1;1
2021-04-23;5:01:32;1;50;1;1;1;1
2021-04-23;5:02:02;1;50;1;1;1;1
2021-04-23;5:02:32;1;50;1;1;1;1
2021-04-23;5:03:02;1;50;1;1;1;1
2021-04-23;5:03:32;1;50;1;1;1;1
2021-04-23;5:04:02;1;50;1;1;1;1
2021-04-23;5:04:32;1;50;1;1;1;1
2021-04-23;5:05:02;1;50;1;1;1;1
2021-04-23;5:05:32;1;50;1;1;1;1
2021-04-23;5:06:02;1;50;1;1;1;1
2021-04-23;5:06:32;1;50;1;1;1;1
2021-04-23;5:07:02;1;50;1;1;1;1
2021-04-23;5:07:32;1;50;1;1;1;1
2021-04-23;5:08:02;1;50;1;1;1;1
2021-04-23;5:08:32;1;50;1;1;1;1
2021-04-23;5:09:02;1;50;1;1;1;1
2021-04-23;5:09:32;1;50;1;1;1;1
2021-04-23;5:10:02;1;50;1;1;1;1
2021-04-23;5:10:32;1;50;1;1;1;1
2021-04-23;5:11:02;1;50;1;1;1;1
2021-04-23;5:11:32;1;50;1;1;1;1
2021-04-23;5:12:02;1;50;1;1;1;1
2021-04-23;5:12:32;1;50;1;1;1;1
2021-04-23;5:13:02;1;50;1;1;1;1
2021-04-23;5:13:32;1;50;1;1;1;1
2021-04-23;5:14:02;1;50;1;1;1;1
2021-04-23;5:14:32;1;50;1;1;1;1
2021-04-23;5:15:02;1;50;1;1;1;1
2021-04-23;5:15:32;1;50;1;1;1;1
2021-04-23;5:16:02;1;50;1;1;1;1
2021-04-23;5:16:32;1;50;1;1;1;1
2021-04-23;5:17:02;1;50;1;1;1;1
2021-04-23;5:17:32;1;50;1;1;1;1
2021-04-23;5:18:02;1;50;1;1;1;1
2021-04-23;5:18:32;1;50;1;1;1;1
2021-04-23;5:19:02;1;50;1;1;1;1
2021-04-23;5:19:32;1;50;1;1;1;1
2021-04-23;5:20:02;1;50;1;1;1;1
2021-04-23;5:20:32;1;50;1;1;1;1
2021-04-23;5:21:02;1;50;1;1;1;1
2021-04-23;5:21:32;1;50;1;1;1;1
2021-04-23;5:22:02;1;50;1;1;1;1
2021-04-23;5:22:32;1;50;1;1;1;1
2021-04-23;5:23:02;1;50;1;1;1;1
2021-04-23;5:23:32;1;50;1;1;1;1
2021-04-23;5:24:02;1;50;1;1;1;1
2021-04-23;5:24:32;1;50;1;1;1;1
2021-04-23;5:25:02;1;50;1;1;1;1
2021-04-23;5:25:32;1;50;1;1;1;1
2021-04-23;5:26:02;1;50;1;1;1;1
2021-04-23;5:26:32;1;50;1;1;1;1
2021-04-23;5:27:02;1;50;1;1;1;1
2021-04-23;5:27:32;1;50;1;1;1;1
2021-04-23;5:28:02;1;50;1;1;1;1
2021-04-23;5:28:32;1;50;1;1;1;1
2021-04-23;5:29:02;1;50;1;1;1;1
2021-04-23;5:29:32;1;50;1;1;1;1
2021-04-23;5:30:02;1;50;1;1;1;1
2021-04-23;5:30:32;1;50;1;1;1;1
2021-04-23;5:31:02;1;50;1;1;1;1
2021-04-23;5:31:32;1;50;1;1;1;1
2021-04-23;5:32:02;1;50;1;1;1;1
2021-04-23;5:32:32;1;50;1;1;1;1
2021-04-23;5:33:02;1;50;1;1;1;1
2021-04-23;5:33:32;1;50;1;1;1;1
2021-04-23;5:34:02;1;50;1;1;1;1
2021-04-23;5:34:32;1;50;1;1;1;1
2021-04-23;5:35:02;1;50;1;1;1;1
2021-04-23;5:35:32;1;50;1;1;1;1
2021-04-23;5:36:02;1;50;1;1;1;1
2021-04-23;5:36:32;1;50;1;1;1;1
2021-04-23;5:37:02;1;50;1;1;1;1
2021-04-23;5:37:32;1;50;1;1;1;1
2021-04-23;5:38:02;1;50;1;1;1;1
2021-04-23;5:38:32;1;50;1;1;1;1
2021-04-23;5:39:02;1;50;1;1;1;1
2021-04-23;5:39:32;1;50;1;1;1;1
2021-04-23;5:40:02;1;50;1;1;1;1
2021-04-23;5:40:32;1;50;1;1;1;1
2021-04-23;5:41:02;1;50;1;1;1;1
2021-04-23;5:41:32;1;50;1;1;1;1
2021-04-23;5:42:02;1;50;1;1;1;1
2021-04-23;5:42:32;1;50;1;1;1;1
2021-04-23;5:43:02;1;50;1;1;1;1
2021-04-23;5:43:32;1;50;1;1;1;1
2021-04-23;5:44:02;1;50;1;1;1;1
2021-04-23;5:44:32;1;50;1;1;1;1
2021-04-23;5:44:32;1;50;1;1;1;1
2021-04-23;5:45:02;1;50;1;1;1;1
2021-04-23;5:45:32;1;50;1;1;1;1
2021-04-23;5:46:02;1;50;1;1;1;1
2021-04-23;5:46:32;1;50;1;1;1;1
2021-04-23;5:47:02;1;50;1;1;1;1
2021-04-23;5:47:32;1;50;1;1;1;1
2021-04-23;5:48:02;1;50;1;1;1;1
2021-04-23;5:48:32;1;50;1;1;1;1
2021-04-23;5:49:02;1;50;1;1;1;1
2021-04-23;5:49:32;1;50;1;1;1;1
2021-04-23;5:50:02;1;50;1;1;1;1
2021-04-23;5:50:32;1;50;1;1;1;1
2021-04-23;5:51:02;1;50;1;1;1;1
2021-04-23;5:51:32;1;50;1;1;1;1
2021-04-23;5:52:02;1;50;1;1;1;1
2021-04-23;5:52:32;1;50;1;1;1;1
2021-04-23;5:53:02;1;50;1;1;1;1
2021-04-23;5:53:32;1;50;1;1;1;1
2021-04-23;5:54:02;1;50;1;1;1;1
2021-04-23;5:54:32;1;50;1;1;1;1
2021-04-23;5:55:02;1;50;1;1;1;1
2021-04-23;5:55:32;1;50;1;1;1;1
2021-04-23;5:56:02;1;50;1;1;1;1
2021-04-23;5:56:32;1;50;1;1;1;1
2021-04-23;5:57:02;1;50;1;1;1;1
2021-04-23;5:57:32;1;50;1;1;1;1
2021-04-23;5:58:02;1;50;1;1;1;1
2021-04-23;5:58:32;1;50;1;1;1;1
2021-04-23;5:59:02;1;50;1;1;1;1
2021-04-23;5:59:32;1;50;1;1;1;1
2021-04-23;6:00:02;1;50;1;1;1;1
2021-04-23;6:00:32;1;50;1;1;1;1
2021-04-23;6:01:02;1;50;1;1;1;1
2021-04-23;6:01:32;1;50;1;1;1;1
2021-04-23;6:02:02;1;50;1;1;1;1
2021-04-23;6:02:32;1;50;1;1;1;1
2021-04-23;6:03:02;1;50;1;1;1;1
2021-04-23;6:03:32;1;50;1;1;1;1
2021-04-23;6:04:02;1;50;1;1;1;1
2021-04-23;6:04:32;1;50;1;1;1;1
2021-04-23;6:05:02;1;50;1;1;1;1
2021-04-23;6:05:32;1;50;1;1;1;1
2021-04-23;6:06:02;1;50;1;1;1;1
2021-04-23;6:06:32;1;50;1;1;1;1
2021-04-23;6:07:02;1;50;1;1;1;1
2021-04-23;6:07:32;1;50;1;1;1;1
2021-04-23;6:08:02;1;50;1;1;1;1
2021-04-23;6:08:32;1;50;1;1;1;1
2021-04-23;6:09:02;1;50;1;1;1;1
2021-04-23;6:09:32;1;50;1;1;1;1
2021-04-23;6:10:02;1;50;1;1;1;1
2021-04-23;6:10:32;1;50;1;1;1;1
2021-04-23;6:11:02;1;50;1;1;1;1
2021-04-23;6:11:32;1;50;1;1;1;1
2021-04-23;6:12:02;1;50;1;1;1;1
2021-04-23;6:12:32;1;50;1;1;1;1
2021-04-23;6:13:02;1;50;1;1;1;1
2021-04-23;6:13:32;1;50;1;1;1;1
2021-04-23;6:14:02;1;50;1;1;1;1
2021-04-23;6:14:32;1;50;1;1;1;1
2021-04-23;6:15:02;1;50;1;1;1;1
2021-04-23;6:15:32;1;50;1;1;1;1
2021-04-23;6:16:02;1;50;1;1;1;1
2021-04-23;6:16:32;1;50;1;1;1;1
2021-04-23;6:17:02;1;50;1;1;1;1
2021-04-23;6:17:32;1;50;1;1;1;1
2021-04-23;6:18:02;1;50;1;1;1;1
2021-04-23;6:18:32;1;50;12;1;1;1
2021-04-23;6:19:02;1;50;12;1;1;1
2021-04-23;6:19:32;1;50;12;1;1;1
2021-04-23;6:20:02;1;50;12;1;1;1
2021-04-23;6:20:32;1;50;12;1;1;1
2021-04-23;6:21:02;1;50;12;1;1;1
2021-04-23;6:21:32;1;1;12;1;1;1
2021-04-23;6:22:02;1;1;12;1;1;1
2021-04-23;6:22:32;1;1;12;1;1;1
2021-04-23;6:23:02;1;1;12;1;1;1
2021-04-23;6:23:32;1;1;12;1;1;1
2021-04-23;6:24:02;1;1;12;1;1;1
2021-04-23;6:24:32;1;1;12;1;1;1
2021-04-23;6:25:02;1;1;12;1;1;1
2021-04-23;6:25:32;1;1;12;1;1;1
2021-04-23;6:26:02;1;1;12;1;1;1
2021-04-23;6:26:32;1;1;12;1;1;1
2021-04-23;6:27:02;1;1;12;1;1;1
2021-04-23;6:27:32;1;1;12;1;1;1
2021-04-23;6:28:02;1;1;12;1;1;1
2021-04-23;6:28:32;1;1;12;1;1;1
2021-04-23;6:29:02;1;1;12;1;1;1
2021-04-23;6:29:32;1;1;12;1;1;1
2021-04-23;6:30:02;1;1;12;1;1;1
2021-04-23;6:30:32;1;1;12;1;1;1
2021-04-23;6:31:02;1;1;12;1;1;1
2021-04-23;6:31:32;1;1;12;1;1;1
2021-04-23;6:32:02;1;1;12;1;1;1
2021-04-23;6:32:32;1;1;12;1;1;1
2021-04-23;6:33:02;1;1;12;1;1;1
2021-04-23;6:33:32;1;1;12;1;1;1
2021-04-23;6:34:02;1;1;12;1;1;1
2021-04-23;6:34:32;1;1;12;1;1;1
2021-04-23;6:35:02;1;1;12;1;1;1
2021-04-23;6:35:32;1;1;12;1;1;1
2021-04-23;6:36:02;1;1;12;1;1;1
2021-04-23;6:36:32;1;1;12;1;1;1
2021-04-23;6:37:02;1;1;12;1;1;1
2021-04-23;6:37:32;1;1;12;1;1;1
2021-04-23;6:38:02;1;1;12;1;1;1
2021-04-23;6:38:32;1;1;12;1;1;1
2021-04-23;6:39:02;1;1;12;1;1;1
2021-04-23;6:39:32;1;1;12;1;1;1
2021-04-23;6:40:02;1;1;12;1;1;1
2021-04-23;6:40:32;1;1;12;1;1;1
2021-04-23;6:41:02;1;1;12;1;1;1
2021-04-23;6:41:32;1;1;12;1;1;1
2021-04-23;6:42:02;1;1;12;1;1;1
2021-04-23;6:42:32;1;1;12;1;1;1
2021-04-23;6:43:02;1;1;12;1;1;1
2021-04-23;6:43:32;1;1;12;1;1;1
2021-04-23;6:44:02;1;1;12;1;1;1
2021-04-23;6:44:32;1;1;12;1;1;1
2021-04-23;6:45:02;1;1;12;1;1;1
2021-04-23;6:45:32;1;1;12;1;1;1
2021-04-23;6:46:02;1;1;12;1;1;1
2021-04-23;6:46:32;1;1;12;1;1;1
2021-04-23;6:47:02;1;1;12;1;1;1
2021-04-23;6:47:32;1;1;12;1;1;1
2021-04-23;6:48:02;1;1;12;1;1;1
2021-04-23;6:48:32;1;1;12;1;1;1
2021-04-23;6:49:02;1;1;12;1;1;1
2021-04-23;6:49:32;1;1;12;1;1;1
2021-04-23;6:50:02;1;1;12;1;1;1
2021-04-23;6:50:32;1;1;12;1;1;1
2021-04-23;6:51:02;1;1;12;1;1;1
2021-04-23;6:51:32;1;1;12;1;1;1
2021-04-23;6:52:02;1;1;12;1;1;1
2021-04-23;6:52:32;1;1;12;1;1;1
2021-04-23;6:53:02;1;1;12;1;1;1
2021-04-23;6:53:32;1;1;12;1;1;1
2021-04-23;6:54:02;1;1;12;1;1;1
2021-04-23;6:54:32;1;1;12;1;1;1
2021-04-23;6:55:02;1;1;12;1;1;1
2021-04-23;6:55:32;1;1;12;1;1;1
2021-04-23;6:56:02;1;1;12;1;1;1
2021-04-23;6:56:32;1;1;12;1;1;1
2021-04-23;6:57:02;1;1;12;1;1;1
2021-04-23;6:57:32;1;1;12;1;1;1
2021-04-23;6:58:02;1;1;12;1;1;1
2021-04-23;6:58:32;1;1;12;1;1;1
2021-04-23;6:59:02;1;1;12;1;1;1
2021-04-23;6:59:32;1;1;12;1;1;1
2021-04-23;7:00:02;1;1;12;1;1;1
2021-04-23;7:00:32;1;1;12;1;1;1
2021-04-23;7:01:02;1;1;12;1;1;1
2021-04-23;7:01:32;1;1;12;1;1;1
2021-04-23;7:02:02;1;1;12;1;1;1
2021-04-23;7:02:32;1;1;12;1;1;1
2021-04-23;7:03:02;1;1;12;1;1;1
2021-04-23;7:03:32;1;1;12;1;1;1
2021-04-23;7:04:02;1;1;12;1;1;1
2021-04-23;7:04:32;1;1;12;1;1;1
2021-04-23;7:05:02;1;1;12;1;1;1
2021-04-23;7:05:32;1;1;12;1;1;1
2021-04-23;7:06:02;1;1;12;1;1;1
2021-04-23;7:06:32;1;1;12;1;1;1
2021-04-23;7:07:02;1;1;12;1;1;1
2021-04-23;7:07:32;1;1;12;1;1;1
2021-04-23;7:08:02;1;1;12;1;1;1
2021-04-23;7:08:32;1;1;12;1;1;1
2021-04-23;7:09:02;1;1;12;1;1;1
2021-04-23;7:09:32;1;1;12;1;1;1
2021-04-23;7:10:02;1;1;12;1;1;1
2021-04-23;7:10:32;1;1;12;1;1;1
2021-04-23;7:11:02;1;1;12;1;1;1
2021-04-23;7:11:32;1;1;12;1;1;1
2021-04-23;7:12:02;1;1;12;1;1;1
2021-04-23;7:12:32;1;1;12;1;1;1
2021-04-23;7:13:02;1;1;12;1;1;1
2021-04-23;7:13:32;1;1;12;1;1;1
2021-04-23;7:14:02;1;1;12;1;1;1
2021-04-23;7:14:32;1;1;12;1;1;1
2021-04-23;7:15:02;1;1;12;1;1;1
2021-04-23;7:15:32;1;1;12;1;1;1
2021-04-23;7:16:02;1;1;12;1;1;1
2021-04-23;7:16:32;1;1;12;1;1;1
2021-04-23;7:17:02;1;1;12;1;1;1
2021-04-23;7:17:32;1;1;12;1;1;1
2021-04-23;7:18:02;1;1;12;1;1;1
2021-04-23;7:18:32;1;1;12;1;1;1
2021-04-23;7:19:02;1;1;12;1;1;1
2021-04-23;7:19:32;1;1;12;1;1;1
2021-04-23;7:20:02;1;1;12;1;1;1
2021-04-23;7:20:32;1;1;12;1;1;1
2021-04-23;7:21:02;1;1;12;1;1;1
2021-04-23;7:21:32;1;1;12;1;1;1
2021-04-23;7:22:02;1;1;12;1;1;1
2021-04-23;7:22:32;1;1;12;1;1;1
2021-04-23;7:23:02;1;1;12;1;1;1
2021-04-23;7:23:32;1;1;12;1;1;1
2021-04-23;7:24:02;1;1;12;1;1;1
2021-04-23;7:24:32;1;1;12;1;1;1
2021-04-23;7:25:02;1;1;12;1;1;1
2021-04-23;7:25:32;1;1;12;1;1;1
2021-04-23;7:26:02;1;1;12;1;1;1
2021-04-23;7:26:32;1;1;12;1;1;1
2021-04-23;7:27:02;1;1;12;1;1;1
2021-04-23;7:27:32;1;1;12;1;1;1
2021-04-23;7:28:02;1;1;12;1;1;1
2021-04-23;7:28:32;1;1;12;1;1;1
2021-04-23;7:29:02;1;1;12;1;1;1
2021-04-23;7:29:32;1;1;12;1;1;1
2021-04-23;7:30:02;1;1;12;1;1;1
2021-04-23;7:30:32;1;1;12;1;1;1
2021-04-23;7:31:02;1;1;12;1;1;1
2021-04-23;7:31:32;1;1;12;1;1;1
2021-04-23;7:32:02;1;1;12;1;1;1
2021-04-23;7:32:32;1;1;12;1;1;1
2021-04-23;7:33:02;1;1;12;1;1;1
2021-04-23;7:33:32;1;1;12;1;1;1
2021-04-23;7:34:02;1;1;12;1;1;1
2021-04-23;7:34:32;1;1;12;1;1;1
2021-04-23;7:35:02;1;1;12;1;1;1
2021-04-23;7:35:32;1;1;12;1;1;1
2021-04-23;7:36:02;1;1;12;1;1;1
2021-04-23;7:36:32;1;1;12;1;1;1
2021-04-23;7:37:02;1;1;12;1;1;1
2021-04-23;7:37:32;1;1;12;1;1;1
2021-04-23;7:38:02;1;1;12;1;1;1
2021-04-23;7:38:32;1;1;12;1;1;1
2021-04-23;7:39:02;1;1;12;1;1;1
2021-04-23;7:39:32;1;1;12;1;1;1
2021-04-23;7:40:02;1;1;12;1;1;1
2021-04-23;7:40:32;1;1;12;1;1;1
2021-04-23;7:41:02;1;1;12;1;1;1
2021-04-23;7:41:32;1;1;12;1;1;1
2021-04-23;7:42:02;1;1;12;1;1;1
2021-04-23;7:42:32;1;1;12;1;1;1
2021-04-23;7:43:02;1;1;12;1;1;1
2021-04-23;7:43:32;1;1;12;1;1;1
2021-04-23;7:44:02;1;1;12;1;1;1
2021-04-23;7:44:32;1;1;12;1;1;1
2021-04-23;7:45:02;1;1;12;1;1;1
2021-04-23;7:45:32;1;1;12;1;1;1
2021-04-23;7:46:02;1;1;12;1;1;1
2021-04-23;7:46:32;1;1;12;1;1;1
2021-04-23;7:47:02;1;1;12;1;1;1
2021-04-23;7:47:32;1;1;12;1;1;1
2021-04-23;7:48:02;1;1;12;1;1;1
2021-04-23;7:48:32;1;1;12;1;1;1
2021-04-23;7:49:02;1;1;12;1;1;1
2021-04-23;7:49:32;1;1;12;1;1;1
2021-04-23;7:50:02;1;1;12;1;1;1
2021-04-23;7:50:32;1;1;12;1;1;1
2021-04-23;7:51:02;1;1;12;1;1;1
2021-04-23;7:51:32;1;1;12;1;1;1
2021-04-23;7:52:02;1;1;12;1;1;1
2021-04-23;7:52:32;1;1;12;1;1;1
2021-04-23;7:53:02;1;1;12;1;1;1
2021-04-23;7:53:32;1;1;12;1;1;1
2021-04-23;7:54:02;1;1;12;1;1;1
2021-04-23;7:54:32;1;1;12;1;1;1
2021-04-23;7:55:02;1;1;12;1;1;1
2021-04-23;7:55:32;1;1;12;1;1;1
2021-04-23;7:56:02;1;1;12;1;1;1
2021-04-23;7:56:32;1;1;12;1;1;1
2021-04-23;7:57:02;1;1;12;1;1;1
2021-04-23;7:57:32;1;1;12;1;1;1
2021-04-23;7:58:02;1;1;12;1;1;1
2021-04-23;7:58:32;1;1;12;1;1;1
2021-04-23;7:59:02;1;1;12;1;1;1
2021-04-23;7:59:32;1;1;12;1;1;1
2021-04-23;8:00:02;1;1;12;1;1;1
2021-04-23;8:00:32;1;1;12;1;1;1
2021-04-23;8:01:02;1;1;12;1;1;1
2021-04-23;8:01:32;1;1;12;1;1;1
2021-04-23;8:02:02;1;1;12;1;1;1
2021-04-23;8:02:32;1;1;12;1;1;1
2021-04-23;8:03:02;1;1;12;1;1;1
2021-04-23;8:03:32;1;1;12;1;1;1
2021-04-23;8:04:02;1;1;12;1;1;1
2021-04-23;8:04:32;1;1;12;1;1;1
2021-04-23;8:05:02;1;1;12;1;1;1
2021-04-23;8:05:32;1;1;12;1;1;1
2021-04-23;8:06:02;1;1;12;1;1;1
2021-04-23;8:06:32;1;1;12;1;1;1
2021-04-23;8:07:02;1;1;12;1;1;1
2021-04-23;8:07:32;1;1;12;1;1;1
2021-04-23;8:08:02;1;1;12;1;1;1
2021-04-23;8:08:32;1;1;12;1;1;1
2021-04-23;8:09:02;1;1;12;1;1;1
2021-04-23;8:09:32;1;1;12;1;1;1
2021-04-23;8:10:02;1;1;12;1;1;1
2021-04-23;8:10:32;1;1;12;1;1;1
2021-04-23;8:11:02;1;1;12;1;1;1
2021-04-23;8:11:32;1;1;12;1;1;1
2021-04-23;8:12:02;1;1;12;1;1;1
2021-04-23;8:12:32;1;1;12;1;1;1
2021-04-23;8:13:02;1;1;12;1;1;1
2021-04-23;8:13:32;1;1;12;1;1;1
2021-04-23;8:14:02;1;1;12;1;1;1
2021-04-23;8:14:32;1;1;12;1;1;1
2021-04-23;8:15:02;1;1;12;1;1;1
2021-04-23;8:15:32;1;1;12;1;1;1
2021-04-23;8:16:02;1;1;12;1;1;1
2021-04-23;8:16:32;1;1;12;1;1;1
2021-04-23;8:17:02;1;1;12;1;1;1
2021-04-23;8:17:32;1;1;12;1;1;1
2021-04-23;8:18:02;1;1;12;1;1;1
2021-04-23;8:18:32;1;1;12;1;1;1
2021-04-23;8:19:02;1;1;12;1;1;1
2021-04-23;8:19:32;1;1;12;1;1;1
2021-04-23;8:20:02;1;1;12;1;1;1
2021-04-23;8:20:32;1;1;12;1;1;1
2021-04-23;8:21:02;1;1;12;1;1;1
2021-04-23;8:21:32;1;1;12;1;1;1
2021-04-23;8:22:02;1;1;12;1;1;1
2021-04-23;8:22:32;1;1;12;1;1;1
2021-04-23;8:23:02;1;1;12;1;1;1
2021-04-23;8:23:32;1;1;12;1;1;1
2021-04-23;8:24:02;1;1;12;1;1;1
2021-04-23;8:24:32;1;1;12;1;1;1
2021-04-23;8:25:02;1;1;12;1;1;1
2021-04-23;8:25:32;1;1;12;1;1;1
2021-04-23;8:26:02;1;1;12;1;1;1
2021-04-23;8:26:32;1;1;12;1;1;1
2021-04-23;8:27:02;1;1;12;1;1;1
2021-04-23;8:27:32;1;1;12;1;1;1
2021-04-23;8:28:02;1;1;12;1;1;1
2021-04-23;8:28:32;1;1;12;1;1;1
2021-04-23;8:29:02;1;1;12;1;1;1
2021-04-23;8:29:32;1;1;12;1;1;1
2021-04-23;8:30:02;1;1;12;1;1;1
2021-04-23;8:30:32;1;1;12;1;1;1
2021-04-23;8:31:02;1;1;12;1;1;1
2021-04-23;8:31:32;1;1;12;1;1;1
2021-04-23;8:32:02;1;1;12;1;1;1
2021-04-23;8:32:32;1;1;12;1;1;1
2021-04-23;8:33:02;1;1;12;1;1;1
2021-04-23;8:33:32;1;1;12;1;1;1
2021-04-23;8:34:02;1;1;12;1;1;1
2021-04-23;8:34:32;1;1;12;1;1;1
2021-04-23;8:35:02;1;1;12;1;1;1
2021-04-23;8:35:32;1;1;12;1;1;1
2021-04-23;8:36:02;1;1;12;1;1;1
2021-04-23;8:36:32;1;1;12;1;1;1
2021-04-23;8:37:02;1;1;12;1;1;1
2021-04-23;8:37:32;1;1;12;1;1;1
2021-04-23;8:38:02;1;1;12;1;1;1
2021-04-23;8:38:32;1;1;12;1;1;1
2021-04-23;8:39:02;1;1;12;1;1;1
2021-04-23;8:39:32;1;1;12;1;1;1
2021-04-23;8:40:02;1;1;12;1;1;1
2021-04-23;8:40:32;1;1;12;1;1;1
2021-04-23;8:41:02;1;1;12;1;1;1
2021-04-23;8:41:32;1;1;12;1;1;1
2021-04-23;8:42:02;1;1;12;1;1;1
2021-04-23;8:42:32;1;1;12;1;1;1
2021-04-23;8:43:02;1;1;12;1;1;1
2021-04-23;8:43:32;1;1;12;1;1;1
2021-04-23;8:44:02;1;1;12;1;1;1
2021-04-23;8:44:32;1;1;12;1;1;1
2021-04-23;8:45:02;1;1;12;1;1;1
2021-04-23;8:45:32;1;1;12;1;1;1
2021-04-23;8:46:02;1;1;12;1;1;1
2021-04-23;8:46:32;1;1;12;1;1;1
2021-04-23;8:47:02;1;1;12;1;1;1
2021-04-23;8:47:32;1;1;12;1;1;1
2021-04-23;8:48:02;1;1;12;1;1;1
2021-04-23;8:48:32;1;1;12;1;1;1
2021-04-23;8:49:02;1;1;12;1;1;1
2021-04-23;8:49:32;1;1;12;1;1;1
2021-04-23;8:50:02;1;1;12;1;1;1
2021-04-23;8:50:32;1;1;12;1;1;1
2021-04-23;8:51:02;1;1;12;1;1;1
2021-04-23;8:51:32;1;1;12;1;1;1
2021-04-23;8:52:02;1;1;12;1;1;1
2021-04-23;8:52:32;1;1;12;1;1;1
2021-04-23;8:53:02;1;1;12;1;1;1
2021-04-23;8:53:32;1;1;12;1;1;1
2021-04-23;8:54:02;1;1;12;1;1;1
2021-04-23;8:54:32;1;1;12;1;1;1
2021-04-23;8:55:02;1;1;12;1;1;1
2021-04-23;8:55:32;1;1;12;1;1;1
2021-04-23;8:56:02;1;1;12;1;1;1
2021-04-23;8:56:32;1;1;12;1;1;1
2021-04-23;8:57:02;1;1;12;1;1;1
2021-04-23;8:57:32;1;1;12;1;1;1
2021-04-23;8:58:02;1;1;12;1;1;1
2021-04-23;8:58:32;1;1;12;1;1;1
2021-04-23;8:59:02;1;1;12;1;1;1
2021-04-23;8:59:32;1;1;12;1;1;1
2021-04-23;9:00:02;1;1;12;1;1;1
2021-04-23;9:00:32;1;1;12;1;1;1
2021-04-23;9:01:02;1;1;12;1;1;1
2021-04-23;9:01:32;1;1;12;1;1;1
2021-04-23;9:02:02;1;1;12;1;1;1
2021-04-23;9:02:32;1;1;12;1;1;1
2021-04-23;9:03:02;1;1;12;1;1;1
2021-04-23;9:03:32;1;1;12;1;1;1
2021-04-23;9:04:02;1;1;12;1;1;1
2021-04-23;9:04:32;1;1;12;1;1;1
2021-04-23;9:05:02;1;1;12;1;1;1
2021-04-23;9:05:32;1;1;12;1;1;1
2021-04-23;9:06:02;1;1;12;1;1;1
2021-04-23;9:06:32;1;1;12;1;1;1
2021-04-23;9:07:02;1;1;12;1;1;1
2021-04-23;9:07:32;1;1;12;1;1;1
2021-04-23;9:08:02;1;1;12;1;1;1
2021-04-23;9:08:32;1;1;12;1;1;1
2021-04-23;9:09:02;1;1;12;1;1;1
2021-04-23;9:09:32;1;1;12;1;1;1
2021-04-23;9:10:02;1;1;12;1;1;1
2021-04-23;9:10:32;1;1;12;1;1;1
2021-04-23;9:11:02;1;1;12;1;1;1
2021-04-23;9:11:32;1;1;12;1;1;1
2021-04-23;9:12:02;1;1;12;1;1;1
2021-04-23;9:12:32;1;1;12;1;1;1
2021-04-23;9:13:02;1;1;12;1;1;1
2021-04-23;9:13:32;1;1;12;1;1;1
2021-04-23;9:14:02;1;1;12;1;1;1
2021-04-23;9:14:32;1;1;12;1;1;1
2021-04-23;9:15:02;1;1;12;1;1;1
2021-04-23;9:15:32;1;1;12;1;1;1
2021-04-23;9:16:02;1;1;12;1;1;1
2021-04-23;9:16:32;1;1;12;1;1;1
2021-04-23;9:17:02;1;1;12;1;1;1
2021-04-23;9:17:32;1;1;12;1;1;1
2021-04-23;9:18:02;1;1;12;1;1;1
2021-04-23;9:18:32;1;1;12;1;1;1
2021-04-23;9:19:02;1;1;12;1;1;1
2021-04-23;9:19:32;1;1;12;1;1;1
2021-04-23;9:20:02;1;1;12;1;1;1
2021-04-23;9:20:32;1;1;12;1;1;1
2021-04-23;9:21:02;1;1;12;1;1;1
2021-04-23;9:21:32;1;1;12;1;1;1
2021-04-23;9:22:02;1;1;12;1;1;1
2021-04-23;9:22:32;1;1;12;1;1;1
2021-04-23;9:23:02;1;1;12;1;1;1
2021-04-23;9:23:32;1;1;12;1;1;1
2021-04-23;9:24:02;1;1;12;1;1;1
2021-04-23;9:24:32;1;1;12;1;1;1
2021-04-23;9:25:02;1;1;12;1;1;1
2021-04-23;9:25:32;1;1;12;1;1;1
2021-04-23;9:26:02;1;1;12;1;1;1
2021-04-23;9:26:32;1;1;12;1;1;1
2021-04-23;9:27:02;1;1;12;1;1;1
2021-04-23;9:27:32;1;1;12;1;1;1
2021-04-23;9:28:02;1;1;12;1;1;1
2021-04-23;9:28:32;1;1;12;1;1;1
2021-04-23;9:29:02;1;1;12;1;1;1
2021-04-23;9:29:32;1;1;12;1;1;1
2021-04-23;9:30:02;1;1;12;1;1;1
2021-04-23;9:30:32;1;1;12;1;1;1
2021-04-23;9:31:02;1;1;12;1;1;1
2021-04-23;9:31:32;1;1;12;1;1;1
2021-04-23;9:32:02;1;1;12;1;1;1
2021-04-23;9:32:32;1;1;12;1;1;1
2021-04-23;9:33:02;1;1;12;1;1;1
2021-04-23;9:33:32;1;1;12;1;1;1
2021-04-23;9:34:02;1;1;12;1;1;1
2021-04-23;9:34:32;1;1;12;1;1;1
2021-04-23;9:35:02;1;1;12;1;1;1
2021-04-23;9:35:32;1;1;12;1;1;1
2021-04-23;9:36:02;1;1;12;1;1;1
2021-04-23;9:36:32;1;1;12;1;1;1
2021-04-23;9:37:02;1;1;12;1;1;1
2021-04-23;9:37:32;1;1;12;1;1;1
2021-04-23;9:38:02;1;1;12;1;1;1
2021-04-23;9:38:32;1;1;12;1;1;1
2021-04-23;9:39:02;1;1;12;1;1;1
2021-04-23;9:39:32;1;1;12;1;1;1
2021-04-23;9:40:02;1;1;12;1;1;1
2021-04-23;9:40:32;1;1;12;1;1;1
2021-04-23;9:41:02;1;1;12;1;1;1
2021-04-23;9:41:32;1;1;12;1;1;1
2021-04-23;9:42:02;1;1;12;1;1;1
2021-04-23;9:42:32;1;1;12;1;1;1
2021-04-23;9:43:02;1;1;12;1;1;1
2021-04-23;9:43:32;1;1;12;1;1;1
2021-04-23;9:44:02;1;1;12;1;1;1
2021-04-23;9:44:32;1;1;12;1;1;1
2021-04-23;9:45:02;1;1;12;1;1;1
2021-04-23;9:45:32;1;1;12;1;1;1
2021-04-23;9:46:02;1;1;12;1;1;1
2021-04-23;9:46:32;1;1;12;1;1;1
2021-04-23;9:47:02;1;1;12;1;1;1
2021-04-23;9:47:32;1;1;12;1;1;1
2021-04-23;9:48:02;1;1;12;1;1;1
2021-04-23;9:48:32;1;1;12;1;1;1
2021-04-23;9:49:02;1;1;12;1;1;1
2021-04-23;9:49:32;1;1;12;1;1;1
2021-04-23;9:50:02;1;1;12;1;1;1
2021-04-23;9:50:32;1;1;12;1;1;1
2021-04-23;9:51:02;1;1;12;1;1;1
2021-04-23;9:51:32;1;1;12;1;1;1
2021-04-23;9:52:02;1;1;12;1;1;1
2021-04-23;9:52:32;1;1;12;1;1;1
2021-04-23;9:53:02;1;1;12;1;1;1
2021-04-23;9:53:32;1;1;12;1;1;1
2021-04-23;9:54:02;1;1;12;1;1;1
2021-04-23;9:54:32;1;1;12;1;1;1
2021-04-23;9:55:02;1;1;12;1;1;1
2021-04-23;9:55:32;1;1;12;1;1;1
2021-04-23;9:56:02;1;1;12;1;1;1
2021-04-23;9:56:32;1;1;12;1;1;1
2021-04-23;9:57:02;1;1;12;1;1;1
2021-04-23;9:57:32;1;1;12;1;1;1
2021-04-23;9:58:02;1;1;12;1;1;1
2021-04-23;9:58:32;1;1;12;1;1;1
2021-04-23;9:59:02;1;1;12;1;1;1
2021-04-23;9:59:32;1;1;12;1;1;1
2021-04-23;10:00:02;1;1;12;1;1;1
2021-04-23;10:00:32;1;1;12;1;1;1
2021-04-23;10:01:02;1;1;12;1;1;1
2021-04-23;10:01:32;1;1;12;1;1;1
2021-04-23;10:02:02;1;1;12;1;1;1
2021-04-23;10:02:32;1;1;12;1;1;1
2021-04-23;10:03:02;1;1;12;1;1;1
2021-04-23;10:03:32;1;1;12;1;1;1
2021-04-23;10:04:02;1;1;12;1;1;1
2021-04-23;10:04:32;1;1;12;1;1;1
2021-04-23;10:05:02;1;1;12;1;1;1
2021-04-23;10:05:32;1;1;12;1;1;1
2021-04-23;10:06:02;1;1;12;1;1;1
2021-04-23;10:06:32;1;1;12;1;1;1
2021-04-23;10:07:02;1;1;12;1;1;1
2021-04-23;10:07:32;1;1;12;1;1;1
2021-04-23;10:08:02;1;1;12;1;1;1
2021-04-23;10:08:32;1;1;12;1;1;1
2021-04-23;10:09:02;1;1;12;1;1;1
2021-04-23;10:09:32;1;1;12;1;1;1
2021-04-23;10:10:02;1;1;12;1;1;1
2021-04-23;10:10:32;1;1;12;1;1;1
2021-04-23;10:11:02;1;1;12;1;1;1
2021-04-23;10:11:32;1;1;12;1;1;1
2021-04-23;10:12:02;1;1;12;1;1;1
2021-04-23;10:12:32;1;1;12;1;1;1
2021-04-23;10:13:02;1;1;12;1;1;1
2021-04-23;10:13:32;1;1;12;1;1;1
2021-04-23;10:14:02;1;1;12;1;1;1
2021-04-23;10:14:32;1;1;12;1;1;1
2021-04-23;10:15:02;1;1;12;1;1;1
2021-04-23;10:15:32;1;1;12;1;1;1
2021-04-23;10:16:02;1;1;12;1;1;1
2021-04-23;10:16:32;1;1;12;1;1;1
2021-04-23;10:17:02;1;1;12;1;1;1
2021-04-23;10:17:32;1;1;12;1;1;1
2021-04-23;10:18:02;1;1;12;1;1;1
2021-04-23;10:18:32;1;1;12;1;1;1
2021-04-23;10:19:02;1;1;12;1;1;1
2021-04-23;10:19:32;1;1;12;1;1;1
2021-04-23;10:20:02;1;1;12;1;1;-3
2021-04-23;10:20:32;1;1;12;1;1;-3
2021-04-23;10:21:02;1;1;12;1;1;-3
2021-04-23;10:21:32;1;1;12;1;1;-3
2021-04-23;10:22:02;1;1;12;1;1;-3
2021-04-23;10:22:32;1;1;12;1;1;-3
2021-04-23;10:23:02;1;1;12;1;1;-3
2021-04-23;10:23:32;1;1;12;1;1;-3
2021-04-23;10:24:02;1;1;12;1;1;-3
2021-04-23;10:24:32;1;1;12;1;1;-3
2021-04-23;10:25:02;1;1;12;1;1;-3
2021-04-23;10:25:32;1;1;12;1;1;-3
2021-04-23;10:26:02;1;1;12;1;1;-3
2021-04-23;10:26:32;1;1;12;1;1;-3
2021-04-23;10:27:02;1;1;12;1;1;-3
2021-04-23;10:27:32;1;1;12;1;1;-3
2021-04-23;10:28:02;1;1;12;1;1;-3
2021-04-23;10:28:32;1;1;12;1;1;-3
2021-04-23;10:29:02;1;1;12;1;1;-3
2021-04-23;10:29:32;1;1;12;1;1;-3
2021-04-23;10:30:02;1;1;12;1;1;-3
2021-04-23;10:30:32;1;1;12;1;1;-3
2021-04-23;10:31:02;1;1;12;1;1;-3
2021-04-23;10:31:32;1;1;12;1;1;-3
2021-04-23;10:32:02;1;1;12;1;1;-3
2021-04-23;10:32:32;1;1;12;1;1;-3
2021-04-23;10:33:02;1;1;12;1;1;-3
2021-04-23;10:33:32;1;1;12;1;1;-3
2021-04-23;10:34:02;1;1;12;1;1;-3
2021-04-23;10:34:32;1;1;12;1;1;-3
2021-04-23;10:35:02;1;1;12;1;1;-3
2021-04-23;10:35:32;1;1;12;1;1;-3
2021-04-23;10:36:02;1;1;12;1;1;-3
2021-04-23;10:36:32;1;1;12;1;1;-3
2021-04-23;10:37:02;1;1;12;1;1;-3
2021-04-23;10:37:32;1;1;12;1;1;-3
2021-04-23;10:38:02;1;1;12;1;1;-3
2021-04-23;10:38:32;1;1;12;1;1;-3
2021-04-23;10:39:02;1;1;12;1;1;-3
2021-04-23;10:39:32;1;1;12;1;1;-3
2021-04-23;10:40:02;1;1;12;1;1;-3
2021-04-23;10:40:32;1;1;12;1;1;-3
2021-04-23;10:41:02;1;1;12;1;1;-3
2021-04-23;10:41:32;1;1;12;1;1;-3
2021-04-23;10:42:02;1;1;12;1;1;-3
2021-04-23;10:42:32;1;1;12;1;1;-3
2021-04-23;10:43:02;1;1;12;1;1;-3
2021-04-23;10:43:32;1;1;12;1;1;-3
2021-04-23;10:44:02;1;1;12;1;1;-3
2021-04-23;10:44:32;1;1;12;1;1;-3
2021-04-23;10:45:02;1;1;12;1;1;-3
2021-04-23;10:45:32;1;1;12;1;1;-3
2021-04-23;10:46:02;1;1;12;1;1;-3
2021-04-23;10:46:32;1;1;12;1;1;-3
2021-04-23;10:47:02;1;1;12;1;1;-3
2021-04-23;10:47:32;1;1;12;1;1;-3
2021-04-23;10:48:02;1;1;12;1;1;-3
2021-04-23;10:48:32;1;1;12;1;1;-3
2021-04-23;10:49:02;1;1;12;1;1;-3
2021-04-23;10:49:32;1;1;12;1;1;-3
2021-04-23;10:50:02;1;1;12;1;1;-3
2021-04-23;10:50:32;1;1;12;1;1;-3
2021-04-23;10:51:02;1;1;12;1;1;-3
2021-04-23;10:51:32;1;1;12;1;1;-3
2021-04-23;10:52:02;1;1;12;1;1;-3
2021-04-23;10:52:32;1;1;12;1;1;-3
2021-04-23;10:53:02;1;1;12;1;1;-3
2021-04-23;10:53:32;1;1;12;1;1;-3
2021-04-23;10:54:02;1;1;12;1;1;-3
2021-04-23;10:54:32;1;1;12;1;1;-3
2021-04-23;10:55:02;1;1;12;1;1;-3
2021-04-23;10:55:32;1;1;12;1;1;-3
2021-04-23;10:56:02;1;1;12;1;1;-3
2021-04-23;10:56:32;1;1;12;1;1;-3
2021-04-23;10:57:02;1;1;12;1;1;-3
2021-04-23;10:57:32;1;1;12;1;1;-3
2021-04-23;10:58:02;1;1;12;1;1;-3
2021-04-23;10:58:32;1;1;12;1;1;-3
2021-04-23;10:59:02;1;1;12;1;1;-3
2021-04-23;10:59:32;1;1;12;1;1;-3
2021-04-23;11:00:02;1;1;12;1;1;-3
2021-04-23;11:00:32;1;1;12;1;1;-3
2021-04-23;11:01:02;1;1;12;1;1;-3
2021-04-23;11:01:32;1;1;12;1;1;-3
2021-04-23;11:02:02;1;1;12;1;1;-3
2021-04-23;11:02:32;1;1;12;1;1;-3
2021-04-23;11:03:02;1;1;12;1;1;-3
2021-04-23;11:03:32;1;1;12;1;1;-3
2021-04-23;11:04:02;1;1;12;1;1;-3
2021-04-23;11:04:32;1;1;12;1;1;-3
2021-04-23;11:05:02;1;1;12;1;1;-3
2021-04-23;11:05:32;1;1;12;1;1;-3
2021-04-23;11:06:02;1;1;12;1;1;-3
2021-04-23;11:06:32;1;1;12;1;1;-3
2021-04-23;11:07:02;1;1;12;1;1;-3
2021-04-23;11:07:32;1;1;12;1;1;-3
2021-04-23;11:08:02;1;1;12;1;1;-3
2021-04-23;11:08:32;1;1;12;1;1;-3
2021-04-23;11:09:02;1;1;12;1;1;-3
2021-04-23;11:09:32;1;1;12;1;1;-3
2021-04-23;11:10:02;1;1;12;1;1;-3
2021-04-23;11:10:32;1;1;12;1;1;-3
2021-04-23;11:11:02;1;1;12;1;1;-3
2021-04-23;11:11:32;1;1;12;1;1;-3
2021-04-23;11:12:02;1;1;12;1;1;-3
2021-04-23;11:12:32;1;1;12;1;1;-3
2021-04-23;11:13:02;1;1;12;1;1;-3
2021-04-23;11:13:32;1;1;12;1;1;-3
2021-04-23;11:14:02;1;1;12;1;1;-3
2021-04-23;11:14:32;1;1;12;1;1;-3
2021-04-23;11:15:02;1;1;12;1;1;-3
2021-04-23;11:15:32;1;1;12;1;1;-3
2021-04-23;11:16:02;1;1;12;1;1;-3
2021-04-23;11:16:32;1;1;12;1;1;-3
2021-04-23;11:17:02;1;1;12;1;1;-3
2021-04-23;11:17:32;1;1;12;1;1;-3
2021-04-23;11:18:02;1;1;12;1;1;-3
2021-04-23;11:18:32;1;1;12;1;1;-3
2021-04-23;11:19:02;1;1;12;1;1;-3
2021-04-23;11:19:32;1;1;12;1;1;-3
2021-04-23;11:20:02;1;1;12;1;1;-3
2021-04-23;11:20:32;1;1;12;1;1;-3
2021-04-23;11:21:02;1;1;12;1;1;-3
2021-04-23;11:21:32;1;1;12;1;1;-3
2021-04-23;11:22:02;1;1;12;1;1;-3
2021-04-23;11:22:32;1;1;12;1;1;-3
2021-04-23;11:23:02;1;1;12;1;1;-3
2021-04-23;11:23:32;1;1;12;1;1;-3
2021-04-23;11:24:02;1;1;12;1;1;-3
2021-04-23;11:24:32;1;1;12;1;1;-3
2021-04-23;11:25:02;1;1;12;1;1;-3
2021-04-23;11:25:32;1;1;12;1;1;-3
2021-04-23;11:26:02;1;1;12;1;1;-3
2021-04-23;11:26:32;1;1;12;1;1;-3
2021-04-23;11:27:02;1;1;12;1;1;-3
2021-04-23;11:27:32;1;1;12;1;1;-3
2021-04-23;11:28:02;1;1;12;1;1;-3
2021-04-23;11:28:32;1;1;12;1;1;-3
2021-04-23;11:29:02;1;1;12;1;1;-3
2021-04-23;11:29:32;1;1;12;1;1;-3
2021-04-23;11:30:02;1;1;12;1;1;-3
2021-04-23;11:30:32;1;1;12;1;1;-3
2021-04-23;11:31:02;1;1;12;1;1;-3
2021-04-23;11:31:32;1;1;12;1;1;-3
2021-04-23;11:32:02;1;1;12;1;1;-3
2021-04-23;11:32:32;1;1;12;1;1;-3
2021-04-23;11:33:02;1;1;12;1;1;-3
2021-04-23;11:33:32;1;1;12;1;1;-3
2021-04-23;11:34:02;1;1;12;1;1;-3
2021-04-23;11:34:32;1;1;12;1;1;-3
2021-04-23;11:35:02;1;1;12;1;1;-3
2021-04-23;11:35:32;1;1;12;1;1;-3
2021-04-23;11:36:02;1;1;12;1;1;-3
2021-04-23;11:36:32;1;1;12;1;1;-3
2021-04-23;11:37:02;1;1;12;1;1;-3
2021-04-23;11:37:32;1;1;12;1;1;-3
2021-04-23;11:38:02;1;1;12;1;1;-3
2021-04-23;11:38:32;1;1;12;1;1;-3
2021-04-23;11:39:02;1;1;12;1;1;-3
2021-04-23;11:39:32;1;1;12;1;1;-3
2021-04-23;11:40:02;1;1;12;1;1;-3
2021-04-23;11:40:32;1;1;12;1;1;-3
2021-04-23;11:41:02;1;1;12;1;1;-3
2021-04-23;11:41:32;1;1;12;1;1;-3
2021-04-23;11:42:02;1;1;12;1;1;-3
2021-04-23;11:42:32;1;1;12;1;1;-3
2021-04-23;11:43:02;1;1;12;1;1;-3
2021-04-23;11:43:32;1;1;12;1;1;-3
2021-04-23;11:44:02;1;1;12;1;1;-3
2021-04-23;11:44:32;1;1;12;1;1;-3
2021-04-23;11:45:02;1;1;12;1;1;-3
2021-04-23;11:45:32;1;1;12;1;1;-3
2021-04-23;11:46:02;1;1;12;1;1;-3
2021-04-23;11:46:32;1;1;12;1;1;-3
2021-04-23;11:47:02;1;1;12;1;1;-3
2021-04-23;11:47:32;1;1;12;1;1;-3
2021-04-23;11:48:02;1;1;12;1;1;-3
2021-04-23;11:48:32;1;1;12;1;1;-3
2021-04-23;11:49:02;1;1;12;1;1;-3
2021-04-23;11:49:32;1;1;12;1;1;-3
2021-04-23;11:50:02;1;1;12;1;1;-3
2021-04-23;11:50:32;1;1;12;1;1;-3
2021-04-23;11:51:02;1;1;12;1;1;-3
2021-04-23;11:51:32;1;1;12;1;1;-3
2021-04-23;11:52:02;1;1;12;1;1;-3
2021-04-23;11:52:32;1;1;12;1;1;-3
2021-04-23;11:53:02;1;1;12;1;1;-3
2021-04-23;11:53:32;1;1;12;1;1;-3
2021-04-23;11:54:02;1;1;12;1;1;-3
2021-04-23;11:54:32;1;1;12;1;1;-3
2021-04-23;11:55:02;1;1;12;1;1;-3
2021-04-23;11:55:32;1;1;12;1;1;-3
2021-04-23;11:56:02;1;1;12;1;1;-3
2021-04-23;11:56:32;1;1;12;1;1;-3
2021-04-23;11:57:02;1;1;12;1;1;-3
2021-04-23;11:57:32;1;1;12;1;1;-3
2021-04-23;11:58:02;1;1;12;1;1;-3
2021-04-23;11:58:32;1;1;12;1;1;-3
2021-04-23;11:59:02;1;1;12;1;1;-3
2021-04-23;11:59:32;1;1;12;1;1;-3
2021-04-23;12:00:02;1;1;12;1;1;-3
2021-04-23;12:00:32;1;1;12;1;1;-3
2021-04-23;12:01:02;1;1;12;1;1;-3
2021-04-23;12:01:32;1;1;12;1;1;-3
2021-04-23;12:02:02;1;1;12;1;1;-3
2021-04-23;12:02:32;1;1;12;1;1;-3
2021-04-23;12:03:02;1;1;12;1;1;-3
2021-04-23;12:03:32;1;1;12;1;1;-3
2021-04-23;12:04:02;1;1;12;1;1;-3
2021-04-23;12:04:32;1;1;12;1;1;-3
2021-04-23;12:05:02;1;1;12;1;1;-3
2021-04-23;12:05:32;1;1;12;1;1;-3
2021-04-23;12:06:02;1;1;12;1;1;-3
2021-04-23;12:06:32;1;1;12;1;1;-3
2021-04-23;12:07:02;1;1;12;1;1;-3
2021-04-23;12:07:32;1;1;12;1;1;-3
2021-04-23;12:08:02;1;1;12;1;1;-3
2021-04-23;12:08:32;1;1;12;1;1;-3
2021-04-23;12:09:02;1;1;12;1;1;-3
2021-04-23;12:09:32;1;1;12;1;1;-3
2021-04-23;12:10:02;1;1;12;1;1;-3
2021-04-23;12:10:32;1;1;12;1;1;-3
2021-04-23;12:11:02;1;1;12;1;1;-3
2021-04-23;12:11:32;1;1;12;1;1;-3
2021-04-23;12:12:02;1;1;12;1;1;-3
2021-04-23;12:12:32;1;1;12;1;1;-3
2021-04-23;12:13:02;1;1;12;1;1;-3
2021-04-23;12:13:32;1;1;12;1;1;-3
2021-04-23;12:14:02;1;1;12;1;1;-3
2021-04-23;12:14:32;1;1;12;1;1;-3
2021-04-23;12:15:02;1;1;12;1;1;-3
2021-04-23;12:15:32;1;1;12;1;1;-3
2021-04-23;12:16:02;1;1;12;1;1;-3
2021-04-23;12:16:32;1;1;12;1;1;-3
2021-04-23;12:17:02;1;1;12;1;1;-3
2021-04-23;12:17:32;1;1;12;1;1;-3
2021-04-23;12:18:02;1;1;12;1;1;-3
2021-04-23;12:18:32;1;1;12;1;1;-3
2021-04-23;12:19:02;1;1;12;1;1;-3
2021-04-23;12:19:32;1;1;12;1;1;-3
2021-04-23;12:20:02;1;1;12;1;1;-3
2021-04-23;12:20:32;1;1;12;1;1;-3
2021-04-23;12:21:02;1;1;12;1;1;-3
2021-04-23;12:21:32;1;1;12;1;1;-3
2021-04-23;12:22:02;1;1;12;1;1;-3
2021-04-23;12:22:32;1;1;12;1;1;-3
2021-04-23;12:23:02;1;1;12;1;1;-3
2021-04-23;12:23:32;1;1;12;1;1;-3
2021-04-23;12:24:02;1;1;12;1;1;-3
2021-04-23;12:24:32;1;1;12;1;1;-3
2021-04-23;12:25:02;1;1;12;1;1;-3
2021-04-23;12:25:32;1;1;12;1;1;-3
2021-04-23;12:26:02;1;1;12;1;1;-3
2021-04-23;12:26:32;1;1;12;1;1;-3
2021-04-23;12:27:02;1;1;12;1;1;-3
2021-04-23;12:27:32;1;1;12;1;1;-3
2021-04-23;12:28:02;1;1;12;1;1;-3
2021-04-23;12:28:32;1;1;12;1;1;-3
2021-04-23;12:29:02;1;1;12;1;1;-3
2021-04-23;12:29:32;1;1;12;1;1;-3
2021-04-23;12:30:02;1;1;12;1;1;-3
2021-04-23;12:30:32;1;1;12;1;1;-3
2021-04-23;12:31:02;1;1;12;1;1;-3
2021-04-23;12:31:32;1;1;12;1;1;-3
2021-04-23;12:32:02;1;1;12;1;1;-3
2021-04-23;12:32:32;1;1;12;1;1;-3
2021-04-23;12:33:02;1;1;12;1;1;-3
2021-04-23;12:33:32;1;1;12;1;1;-3
2021-04-23;12:34:02;1;1;12;1;1;-3
2021-04-23;12:34:32;1;1;12;1;1;-3
2021-04-23;12:35:02;1;1;12;1;1;-3
2021-04-23;12:35:32;1;1;12;1;1;-3
2021-04-23;12:36:02;1;1;12;1;1;-3
2021-04-23;12:36:32;1;1;12;1;1;-3
2021-04-23;12:37:02;1;1;12;1;1;-3
2021-04-23;12:37:32;1;1;12;1;1;-3
2021-04-23;12:38:02;1;1;12;1;1;-3
2021-04-23;12:38:32;1;1;12;1;1;-3
2021-04-23;12:39:02;1;1;12;1;1;-3
2021-04-23;12:39:32;1;1;12;1;1;-3
2021-04-23;12:40:02;1;1;12;1;1;-3
2021-04-23;12:40:32;1;1;12;1;1;-3
2021-04-23;12:41:02;1;1;12;1;1;-3
2021-04-23;12:41:32;1;1;12;1;1;-3
2021-04-23;12:42:02;1;1;12;1;1;-3
2021-04-23;12:42:32;1;1;12;1;1;-3
2021-04-23;12:43:02;1;1;12;1;1;-3
2021-04-23;12:43:32;1;1;12;1;1;-3
2021-04-23;12:44:02;1;1;12;1;1;-3
2021-04-23;12:44:32;1;1;12;1;1;-3
2021-04-23;12:45:02;1;1;12;1;1;-3
2021-04-23;12:45:32;1;1;12;1;1;-3
2021-04-23;12:46:02;1;1;12;1;1;-3
2021-04-23;12:46:32;1;1;12;1;1;-3
2021-04-23;12:47:02;1;1;12;1;1;-3
2021-04-23;12:47:32;1;1;12;1;1;-3
2021-04-23;12:48:02;1;1;12;1;1;-3
2021-04-23;12:48:32;1;1;12;1;1;-3
2021-04-23;12:49:02;1;1;12;1;1;-3
2021-04-23;12:49:32;1;1;12;1;1;-3
2021-04-23;12:50:02;1;1;12;1;1;-3
2021-04-23;12:50:32;1;1;12;1;1;-3
2021-04-23;12:51:02;1;1;12;1;1;-3
2021-04-23;12:51:32;1;1;12;1;1;-3
2021-04-23;12:52:02;1;1;12;1;1;-3
2021-04-23;12:52:32;1;1;12;1;1;-3
2021-04-23;12:53:02;1;1;12;1;1;-3
2021-04-23;12:53:32;1;1;12;1;1;-3
2021-04-23;12:54:02;1;1;12;1;1;-3
2021-04-23;12:54:32;1;1;12;1;1;-3
2021-04-23;12:55:02;1;1;12;1;1;-3
2021-04-23;12:55:32;1;1;12;1;1;-3
2021-04-23;12:56:02;1;1;12;1;1;-3
2021-04-23;12:56:32;1;1;12;1;1;-3
2021-04-23;12:57:02;1;1;12;1;1;-3
2021-04-23;12:57:32;1;1;12;1;1;-3
2021-04-23;12:58:02;1;1;12;1;1;-3
2021-04-23;12:58:32;1;1;12;1;1;-3
2021-04-23;12:59:02;1;1;12;1;1;-3
2021-04-23;12:59:32;1;1;12;1;1;-3
2021-04-23;13:00:02;1;1;12;1;1;-3
2021-04-23;13:00:32;1;1;12;1;1;-3
2021-04-23;13:01:02;1;1;12;1;1;-3
2021-04-23;13:01:32;1;1;12;1;1;-3
2021-04-23;13:02:02;1;1;12;1;1;-3
2021-04-23;13:02:32;1;1;12;1;1;-3
2021-04-23;13:03:02;1;1;12;1;1;-3
2021-04-23;13:03:32;1;1;12;1;1;-3
2021-04-23;13:04:02;1;1;12;1;1;-3
2021-04-23;13:04:32;1;1;12;1;1;-3
2021-04-23;13:05:02;1;1;12;1;1;-3
2021-04-23;13:05:32;1;1;12;1;1;-3
2021-04-23;13:06:02;1;1;12;1;1;-3
2021-04-23;13:06:32;1;1;12;1;1;-3
2021-04-23;13:07:02;1;1;12;1;1;-3
2021-04-23;13:07:32;1;1;12;1;1;-3
2021-04-23;13:08:02;1;1;12;1;1;-3
2021-04-23;13:08:32;1;1;12;1;1;-3
2021-04-23;13:09:02;1;1;12;1;1;-3
2021-04-23;13:09:32;1;1;12;1;1;-3
2021-04-23;13:10:02;1;1;12;1;1;-3
2021-04-23;13:10:32;1;1;12;1;1;-3
2021-04-23;13:11:02;1;1;12;1;1;-3
2021-04-23;13:11:32;1;1;12;1;1;-3
2021-04-23;13:12:02;1;1;12;1;1;-3
2021-04-23;13:12:32;1;1;12;1;1;-3
2021-04-23;13:13:02;1;1;12;1;1;-3
2021-04-23;13:13:32;1;1;12;1;1;-3
2021-04-23;13:14:02;1;1;12;1;1;-3
2021-04-23;13:14:32;1;1;12;1;1;-3
2021-04-23;13:15:02;1;1;12;1;1;-3
2021-04-23;13:15:32;1;1;12;1;1;-3
2021-04-23;13:16:02;1;1;12;1;1;-3
2021-04-23;13:16:32;1;1;12;1;1;-3
2021-04-23;13:17:02;1;1;12;1;1;-3
2021-04-23;13:17:32;1;1;12;1;1;-3
2021-04-23;13:18:02;1;1;12;1;1;-3
2021-04-23;13:18:32;1;1;12;1;1;-3
2021-04-23;13:19:02;1;1;12;1;1;-3
2021-04-23;13:19:32;1;1;12;1;1;-3
2021-04-23;13:19:32;1;1;12;1;1;-3
2021-04-23;13:20:02;1;1;12;1;1;-3
2021-04-23;13:20:32;1;1;12;1;1;-3
2021-04-23;13:21:02;1;1;12;1;1;-3
2021-04-23;13:21:32;1;1;12;1;1;-3
2021-04-23;13:22:02;1;1;12;1;1;-3
2021-04-23;13:22:32;1;1;12;1;1;-3
2021-04-23;13:23:02;1;1;12;1;1;-3
2021-04-23;13:23:32;1;1;12;1;1;-3
2021-04-23;13:24:02;1;1;12;1;1;-3
2021-04-23;13:24:32;1;1;12;1;1;-3
2021-04-23;13:25:02;1;1;12;1;1;-3
2021-04-23;13:25:32;1;1;12;1;1;-3
2021-04-23;13:26:02;1;1;12;1;1;-3
2021-04-23;13:26:32;1;1;12;1;1;-3
2021-04-23;13:27:02;1;1;12;1;1;-3
2021-04-23;13:27:32;1;1;12;1;1;-3
2021-04-23;13:28:02;1;1;12;1;1;-3
2021-04-23;13:28:32;1;1;12;1;1;-3
2021-04-23;13:29:02;1;1;12;1;1;-3
2021-04-23;13:29:32;1;1;12;1;1;-3
2021-04-23;13:30:02;1;1;12;1;1;-3
2021-04-23;13:30:32;1;1;12;1;1;-3
2021-04-23;13:31:02;1;1;12;1;1;-3
2021-04-23;13:31:32;1;1;12;1;1;-3
2021-04-23;13:32:02;1;1;12;1;1;-3
2021-04-23;13:32:32;1;1;12;1;1;-3
2021-04-23;13:33:02;1;1;12;1;1;-3
2021-04-23;13:33:32;1;1;12;1;1;-3
2021-04-23;13:34:02;1;1;12;1;1;-3
2021-04-23;13:34:32;1;1;12;1;1;-3
2021-04-23;13:35:02;1;1;12;1;1;-3
2021-04-23;13:35:32;1;1;12;1;1;-3
2021-04-23;13:36:02;1;1;12;1;1;-3
2021-04-23;13:36:32;1;1;12;1;1;-3
2021-04-23;13:37:02;1;1;12;1;1;-3
2021-04-23;13:37:32;1;1;12;1;1;-3
2021-04-23;13:38:02;1;1;12;1;1;-3
2021-04-23;13:38:32;1;1;12;1;1;-3
2021-04-23;13:39:02;1;1;12;1;1;-3
2021-04-23;13:39:32;1;1;12;1;1;-3
2021-04-23;13:40:02;1;1;12;1;1;-3
2021-04-23;13:40:32;1;1;12;1;1;-3
2021-04-23;13:41:02;1;1;12;1;1;-3
2021-04-23;13:41:32;1;1;12;530;1;-3
2021-04-23;13:42:02;1;1;12;530;1;-3
2021-04-23;13:42:32;1;1;12;530;1;-3
2021-04-23;13:43:02;1;1;12;530;1;-3
2021-04-23;13:43:32;1;1;12;530;1;-3
2021-04-23;13:44:02;1;1;12;530;1;-3
2021-04-23;13:44:32;1;1;12;530;1;-3
2021-04-23;13:45:02;1;1;12;530;1;-3
2021-04-23;13:45:32;1;1;12;530;1;-3
2021-04-23;13:46:02;1;1;12;530;1;-3
2021-04-23;13:46:32;1;1;12;530;1;-3
2021-04-23;13:47:02;1;1;12;530;1;-3
2021-04-23;13:47:32;1;1;12;530;1;-3
2021-04-23;13:48:02;1;1;12;530;1;-3
2021-04-23;13:48:32;1;1;12;530;1;-3
2021-04-23;13:49:02;1;1;1;530;1;-3
2021-04-23;13:49:32;1;1;1;530;1;-3
2021-04-23;13:50:02;1;1;1;530;1;-3
2021-04-23;13:50:32;1;1;1;530;1;-3
2021-04-23;13:51:02;1;1;1;530;1;-3
2021-04-23;13:51:32;1;1;1;530;1;-3
2021-04-23;13:52:02;1;1;1;530;1;-3
2021-04-23;13:52:32;1;1;1;530;1;-3
2021-04-23;13:53:02;1;1;1;530;1;-3
2021-04-23;13:53:32;1;1;1;530;1;-3
2021-04-23;13:54:02;1;1;1;530;1;-3
2021-04-23;13:54:32;1;1;1;530;1;-3
2021-04-23;13:55:02;1;1;1;530;1;-3
2021-04-23;13:55:32;1;1;1;530;1;-3
2021-04-23;13:56:02;1;1;1;530;1;-3
2021-04-23;13:56:32;1;1;1;530;1;-3
2021-04-23;13:57:02;1;1;1;530;1;-3
2021-04-23;13:57:32;1;1;1;530;1;-3
2021-04-23;13:58:02;1;1;1;530;1;-3
2021-04-23;13:58:32;1;1;1;530;1;-3
2021-04-23;13:59:02;1;1;1;530;1;-3
2021-04-23;13:59:32;1;1;1;530;1;-3
2021-04-23;14:00:02;1;1;1;530;1;-3
2021-04-23;14:00:32;1;1;1;530;1;-3
2021-04-23;14:01:02;1;1;1;530;1;-3
2021-04-23;14:01:32;1;1;1;530;1;-3
2021-04-23;14:02:02;1;1;1;530;1;-3
2021-04-23;14:02:32;1;1;1;530;1;-3
2021-04-23;14:03:02;1;1;1;530;1;-3
2021-04-23;14:03:32;1;1;1;530;1;-3
2021-04-23;14:04:02;1;1;1;530;1;-3
2021-04-23;14:04:32;1;1;1;530;1;-3
2021-04-23;14:05:02;1;1;1;530;1;-3
2021-04-23;14:05:32;1;1;1;530;1;-3
2021-04-23;14:06:02;1;1;1;530;1;-3
2021-04-23;14:06:32;1;1;1;530;1;-3
2021-04-23;14:07:02;1;1;1;530;1;-3
2021-04-23;14:07:32;1;1;1;530;1;-3
2021-04-23;14:08:02;1;1;1;530;1;-3
2021-04-23;14:08:32;1;1;1;530;1;-3
2021-04-23;14:09:02;1;1;1;530;1;-3
2021-04-23;14:09:32;1;1;1;530;1;-3
2021-04-23;14:10:02;1;1;1;530;1;-3
2021-04-23;14:10:32;1;1;1;530;1;-3
2021-04-23;14:11:02;1;1;1;530;1;-3
2021-04-23;14:11:32;1;1;1;530;1;-3
2021-04-23;14:12:02;1;1;1;530;1;-3
2021-04-23;14:12:32;1;1;1;530;1;-3
2021-04-23;14:13:02;1;1;1;530;1;-3
2021-04-23;14:13:32;1;1;1;530;1;-3
2021-04-23;14:14:02;1;1;1;530;1;-3
2021-04-23;14:14:32;1;1;1;530;1;-3
2021-04-23;14:15:02;1;1;1;530;1;-3
2021-04-23;14:15:32;1;1;1;530;1;-3
2021-04-23;14:16:02;1;1;1;530;1;-3
2021-04-23;14:16:32;1;1;1;530;1;-3
2021-04-23;14:17:02;1;1;1;530;1;-3
2021-04-23;14:17:32;1;1;1;530;1;-3
2021-04-23;14:18:02;1;1;1;530;1;-3
2021-04-23;14:18:32;1;1;1;530;1;-3
2021-04-23;14:19:02;1;1;1;530;1;-3
2021-04-23;14:19:32;1;1;1;530;1;-3
2021-04-23;14:20:02;1;1;1;530;1;-3
2021-04-23;14:20:32;1;1;1;530;1;-3
2021-04-23;14:21:02;1;1;1;530;1;-3
2021-04-23;14:21:32;1;1;1;530;1;-3
2021-04-23;14:22:02;1;1;1;530;1;-3
2021-04-23;14:22:32;1;1;1;530;1;-3
2021-04-23;14:23:02;1;1;1;530;1;-3
2021-04-23;14:23:32;1;1;1;530;1;-3
2021-04-23;14:24:02;1;1;1;530;1;-3
2021-04-23;14:24:32;1;1;1;530;1;-3
2021-04-23;14:25:02;1;1;1;530;1;-3
2021-04-23;14:25:32;1;1;1;530;1;-3
2021-04-23;14:26:02;1;1;1;530;1;-3
2021-04-23;14:26:32;1;1;1;530;1;-3
2021-04-23;14:27:02;1;1;1;530;1;-3
2021-04-23;14:27:32;1;1;1;530;1;-3
2021-04-23;14:28:02;1;1;1;530;1;-3
2021-04-23;14:28:32;1;1;1;530;1;-3
2021-04-23;14:29:02;1;1;1;530;1;-3
2021-04-23;14:29:32;1;1;1;530;1;-3
2021-04-23;14:30:02;1;1;1;530;1;-3
2021-04-23;14:30:32;1;1;1;530;1;-3
2021-04-23;14:31:02;1;1;1;530;1;-3
2021-04-23;14:31:32;1;1;1;530;1;-3
2021-04-23;14:32:02;1;1;1;530;1;-3
2021-04-23;14:32:32;1;1;1;530;1;-3
2021-04-23;14:33:02;1;1;1;530;1;-3
2021-04-23;14:33:32;1;1;1;530;1;-3
2021-04-23;14:34:02;1;1;1;530;1;-3
2021-04-23;14:34:32;1;1;1;530;1;-3
2021-04-23;14:35:02;1;1;1;530;1;-3
2021-04-23;14:35:32;1;1;1;530;1;-3
2021-04-23;14:36:02;1;1;1;530;1;-3
2021-04-23;14:36:32;1;1;1;530;1;-3
2021-04-23;14:37:02;1;1;1;530;1;-3
2021-04-23;14:37:32;1;1;1;530;1;-3
2021-04-23;14:38:02;1;1;1;530;1;-3
2021-04-23;14:38:32;1;1;1;530;1;-3
2021-04-23;14:39:02;1;1;1;530;1;-3
2021-04-23;14:39:32;1;1;1;530;1;-3
2021-04-23;14:40:02;1;1;1;530;1;-3
2021-04-23;14:40:32;1;1;1;530;1;-3
2021-04-23;14:41:02;1;1;1;530;1;-3
2021-04-23;14:41:32;1;1;1;530;1;-3
2021-04-23;14:42:02;1;1;1;530;1;-3
2021-04-23;14:42:32;1;1;1;530;1;-3
2021-04-23;14:43:02;1;1;1;530;1;-3
2021-04-23;14:43:32;1;1;1;530;1;-3
2021-04-23;14:44:02;1;1;1;530;1;-3
2021-04-23;14:44:32;1;1;1;530;1;-3
2021-04-23;14:45:02;1;1;1;530;1;-3
2021-04-23;14:45:32;1;1;1;530;1;-3
2021-04-23;14:46:02;1;1;1;530;1;-3
2021-04-23;14:46:32;1;1;1;530;1;-3
2021-04-23;14:47:02;1;1;1;530;1;-3
2021-04-23;14:47:32;1;1;1;530;1;-3
2021-04-23;14:48:02;1;1;1;530;1;-3
2021-04-23;14:48:32;1;1;1;530;1;-3
2021-04-23;14:49:02;1;1;1;530;1;-3
2021-04-23;14:49:32;1;1;1;530;1;-3
2021-04-23;14:50:02;1;1;1;530;1;-3
2021-04-23;14:50:32;1;1;1;530;1;-3
2021-04-23;14:51:02;1;1;1;530;1;-3
2021-04-23;14:51:32;1;1;1;530;1;-3
2021-04-23;14:52:02;1;1;1;530;1;-3
2021-04-23;14:52:32;1;1;1;530;1;-3
2021-04-23;14:53:02;1;1;1;530;1;-3
2021-04-23;14:53:32;1;1;1;530;1;-3
2021-04-23;14:54:02;1;1;1;530;1;-3
2021-04-23;14:54:32;1;1;1;530;1;-3
2021-04-23;14:55:02;1;1;1;530;1;-3
2021-04-23;14:55:32;1;1;1;530;1;-3
2021-04-23;14:56:02;1;1;1;530;1;-3
2021-04-23;14:56:32;1;1;1;530;1;-3
2021-04-23;14:57:02;1;1;1;530;1;-3
2021-04-23;14:57:32;1;1;1;530;1;-3
2021-04-23;14:58:02;1;1;1;530;1;-3
2021-04-23;14:58:32;1;1;1;530;1;-3
2021-04-23;14:59:02;1;1;1;530;1;-3
2021-04-23;14:59:32;1;1;1;530;1;-3
2021-04-23;15:00:02;1;1;1;530;1;-3
2021-04-23;15:00:32;1;1;1;530;1;-3
2021-04-23;15:01:02;1;1;1;530;1;-3
2021-04-23;15:01:32;1;1;1;530;1;-3
2021-04-23;15:02:02;1;1;1;530;1;-3
2021-04-23;15:02:32;1;1;1;530;1;-3
2021-04-23;15:03:02;1;1;1;530;1;-3
2021-04-23;15:03:32;1;1;1;530;1;-3
2021-04-23;15:04:02;1;1;1;530;1;-3
2021-04-23;15:04:32;1;1;1;530;1;-3
2021-04-23;15:05:02;1;1;1;530;1;-3
2021-04-23;15:05:32;1;1;1;530;1;-3
2021-04-23;15:06:02;1;1;1;530;1;-3
2021-04-23;15:06:32;1;1;1;530;1;-3
2021-04-23;15:07:02;1;1;1;530;1;-3
2021-04-23;15:07:32;1;1;1;530;1;-3
2021-04-23;15:08:02;1;1;1;530;1;-3
2021-04-23;15:08:32;1;1;1;530;1;-3
2021-04-23;15:09:02;1;1;1;530;1;-3
2021-04-23;15:09:32;1;1;1;530;1;-3
2021-04-23;15:10:02;1;1;1;530;1;-3
2021-04-23;15:10:32;1;1;1;530;1;-3
2021-04-23;15:11:02;1;1;1;530;1;-3
2021-04-23;15:11:32;1;1;1;530;1;-3
2021-04-23;15:12:02;1;1;1;530;1;-3
2021-04-23;15:12:32;1;1;1;530;1;-3
2021-04-23;15:13:02;1;1;1;530;1;-3
2021-04-23;15:13:32;1;1;1;530;1;-3
2021-04-23;15:14:02;1;1;1;530;1;-3
2021-04-23;15:14:32;1;1;1;530;1;-3
2021-04-23;15:15:02;1;1;1;530;1;-3
2021-04-23;15:15:32;1;1;1;530;1;-3
2021-04-23;15:16:02;1;1;1;530;1;-3
2021-04-23;15:16:32;1;1;1;530;1;-3
2021-04-23;15:17:02;1;1;1;530;1;-3
2021-04-23;15:17:32;1;1;1;530;1;-3
2021-04-23;15:18:02;1;1;1;530;1;-3
2021-04-23;15:18:32;1;1;1;530;1;-3
2021-04-23;15:19:02;1;1;1;530;1;-3
2021-04-23;15:19:32;1;1;1;530;1;-3
2021-04-23;15:20:02;1;1;1;530;1;-3
2021-04-23;15:20:32;1;1;1;530;1;-3
2021-04-23;15:21:02;1;1;1;530;1;-3
2021-04-23;15:21:32;1;1;1;530;1;-3
2021-04-23;15:22:02;1;1;1;530;1;-3
2021-04-23;15:22:32;1;1;1;530;1;-3
2021-04-23;15:23:02;1;1;1;530;1;-3
2021-04-23;15:23:32;1;1;1;530;1;-3
2021-04-23;15:24:02;1;1;1;530;1;-3
2021-04-23;15:24:32;1;1;1;530;1;-3
2021-04-23;15:25:02;1;1;1;530;1;-3
2021-04-23;15:25:32;1;1;1;530;1;-3
2021-04-23;15:26:02;1;1;1;530;1;-3
2021-04-23;15:26:32;1;1;1;530;1;-3
2021-04-23;15:27:02;1;1;1;530;1;-3
2021-04-23;15:27:32;1;1;1;530;1;-3
2021-04-23;15:28:02;1;1;1;530;1;-3
2021-04-23;15:28:32;1;1;1;530;1;-3
2021-04-23;15:29:02;1;1;1;530;1;-3
2021-04-23;15:29:32;1;1;1;530;1;-3
2021-04-23;15:30:02;1;1;1;530;1;-3
2021-04-23;15:30:32;1;1;1;530;1;-3
2021-04-23;15:31:02;1;1;1;530;1;-3
2021-04-23;15:31:32;1;1;1;530;1;-3
2021-04-23;15:32:02;1;1;1;530;1;-3
2021-04-23;15:32:32;1;1;1;530;1;-3
2021-04-23;15:33:02;1;1;1;530;1;-3
2021-04-23;15:33:32;1;1;1;530;1;-3
2021-04-23;15:34:02;1;1;1;530;1;-3
2021-04-23;15:34:32;1;1;1;530;1;-3
2021-04-23;15:35:02;1;1;1;530;1;-3
2021-04-23;15:35:32;1;1;1;530;1;-3
2021-04-23;15:36:02;1;1;1;530;1;-3
2021-04-23;15:36:32;1;1;1;530;1;-3
2021-04-23;15:37:02;1;1;1;530;1;-3
2021-04-23;15:37:32;1;1;1;530;1;-3
2021-04-23;15:38:02;1;1;1;530;1;-3
2021-04-23;15:38:32;1;1;1;530;1;-3
2021-04-23;15:39:02;1;1;1;530;1;-3
2021-04-23;15:39:32;1;1;1;530;1;-3
2021-04-23;15:40:02;1;1;1;530;1;-3
2021-04-23;15:40:32;1;1;1;530;1;-3
2021-04-23;15:41:02;1;1;1;530;1;-3
2021-04-23;15:41:32;1;1;1;530;1;-3
2021-04-23;15:42:02;1;1;1;530;1;-3
2021-04-23;15:42:32;1;1;1;530;1;-3
2021-04-23;15:43:02;1;1;1;530;1;-3
2021-04-23;15:43:32;1;1;1;530;1;-3
2021-04-23;15:44:02;1;1;1;530;1;-3
2021-04-23;15:44:32;1;1;1;530;1;-3
2021-04-23;15:45:02;1;1;1;530;1;-3
2021-04-23;15:45:32;1;1;1;530;1;-3
2021-04-23;15:46:02;1;1;1;530;1;-3
2021-04-23;15:46:32;1;1;1;530;1;-3
2021-04-23;15:47:02;1;1;1;530;1;-3
2021-04-23;15:47:32;1;1;1;530;1;-3
2021-04-23;15:48:02;1;1;1;530;1;-3
2021-04-23;15:48:32;1;1;1;530;1;-3
2021-04-23;15:49:02;1;1;1;530;1;-3
2021-04-23;15:49:32;1;1;1;530;1;-3
2021-04-23;15:50:02;1;1;1;530;1;-3
2021-04-23;15:50:32;1;1;1;530;1;-3
2021-04-23;15:51:02;1;1;1;530;1;-3
2021-04-23;15:51:32;1;1;1;530;1;-3
2021-04-23;15:52:02;1;1;1;530;1;-3
2021-04-23;15:52:32;1;1;1;530;1;-3
2021-04-23;15:53:02;1;1;1;530;1;-3
2021-04-23;15:53:32;1;1;1;530;1;-3
2021-04-23;15:54:02;1;1;1;530;1;-3
2021-04-23;15:54:32;1;1;1;530;1;-3
2021-04-23;15:55:02;1;1;1;530;1;-3
2021-04-23;15:55:32;1;1;1;530;1;-3
2021-04-23;15:56:02;1;1;1;530;1;-3
2021-04-23;15:56:32;1;1;1;530;1;-3
2021-04-23;15:57:02;1;1;1;530;1;-3
2021-04-23;15:57:32;1;1;1;530;1;-3
2021-04-23;15:58:02;1;1;1;530;1;-3
2021-04-23;15:58:32;1;1;1;530;1;-3
2021-04-23;15:59:02;1;1;1;530;1;-3
2021-04-23;15:59:32;1;1;1;530;1;-3
2021-04-23;16:00:02;1;1;1;530;1;-3
2021-04-23;16:00:32;1;1;1;530;1;-3
2021-04-23;16:01:02;1;1;1;530;1;-3
2021-04-23;16:01:32;1;1;1;530;1;-3
2021-04-23;16:02:02;1;1;1;530;1;-3
2021-04-23;16:02:32;1;1;1;530;1;-3
2021-04-23;16:03:02;1;1;1;530;1;-3
2021-04-23;16:03:32;1;1;1;530;1;-3
2021-04-23;16:04:02;1;1;1;530;1;-3
2021-04-23;16:04:32;1;1;1;530;1;-3
2021-04-23;16:05:02;1;1;1;530;1;-3
2021-04-23;16:05:32;1;1;1;530;1;-3
2021-04-23;16:06:02;1;1;1;530;1;-3
2021-04-23;16:06:32;1;1;1;530;1;-3
2021-04-23;16:07:02;1;1;1;530;1;-3
2021-04-23;16:07:32;1;1;1;530;1;-3
2021-04-23;16:08:02;1;1;1;530;1;-3
2021-04-23;16:08:32;1;1;1;530;1;-3
2021-04-23;16:09:02;1;1;1;530;1;-3
2021-04-23;16:09:32;1;1;1;530;1;-3
2021-04-23;16:10:02;1;1;1;530;1;-3
2021-04-23;16:10:32;1;1;1;530;1;-3
2021-04-23;16:11:02;1;1;1;530;1;-3
2021-04-23;16:11:32;1;1;1;530;1;-3
2021-04-23;16:12:02;1;1;1;530;1;-3
2021-04-23;16:12:32;1;1;1;530;1;-3
2021-04-23;16:13:02;1;1;1;530;1;-3
2021-04-23;16:13:32;1;1;1;530;1;-3
2021-04-23;16:14:02;1;1;1;530;1;-3
2021-04-23;16:14:32;1;1;1;530;1;-3
2021-04-23;16:15:02;1;1;1;530;1;-3
2021-04-23;16:15:32;1;1;1;530;1;-3
2021-04-23;16:16:02;1;1;1;530;1;-3
2021-04-23;16:16:32;1;1;1;530;1;-3
2021-04-23;16:17:02;1;1;1;530;1;-3
2021-04-23;16:17:32;1;1;1;530;1;-3
2021-04-23;16:18:02;1;1;1;530;1;-3
2021-04-23;16:18:32;1;1;1;530;1;-3
2021-04-23;16:19:02;1;1;1;530;1;-3
2021-04-23;16:19:32;1;1;1;530;1;-3
2021-04-23;16:20:02;1;1;1;530;1;-3
2021-04-23;16:20:32;1;1;1;530;1;-3
2021-04-23;16:21:02;1;1;1;530;1;-3
2021-04-23;16:21:32;1;1;1;530;1;-3
2021-04-23;16:22:02;1;1;1;530;1;-3
2021-04-23;16:22:32;1;1;1;530;1;-3
2021-04-23;16:23:02;1;1;1;530;1;-3
2021-04-23;16:23:32;1;1;1;530;1;-3
2021-04-23;16:24:02;1;1;1;530;1;-3
2021-04-23;16:24:32;1;1;1;530;1;-3
2021-04-23;16:25:02;1;1;1;530;1;-3
2021-04-23;16:25:32;1;1;1;530;1;-3
2021-04-23;16:26:02;1;1;1;530;1;-3
2021-04-23;16:26:32;1;1;1;530;1;-3
2021-04-23;16:27:02;1;1;1;530;1;-3
2021-04-23;16:27:32;1;1;1;530;1;-3
2021-04-23;16:28:02;1;1;1;530;1;-3
2021-04-23;16:28:32;1;1;1;530;1;-3
2021-04-23;16:29:02;1;1;1;530;1;-3
2021-04-23;16:29:32;1;1;1;530;1;-3
2021-04-23;16:30:02;1;1;1;530;1;-3
2021-04-23;16:30:32;1;1;1;530;1;-3
2021-04-23;16:31:02;1;1;1;530;1;-3
2021-04-23;16:31:32;1;1;1;530;1;-3
2021-04-23;16:32:02;1;1;1;530;1;-3
2021-04-23;16:32:32;1;1;1;530;1;-3
2021-04-23;16:33:02;1;1;1;530;1;-3
2021-04-23;16:33:32;1;1;1;530;1;-3
2021-04-23;16:34:02;1;1;1;530;1;-3
2021-04-23;16:34:32;1;1;1;530;1;-3
2021-04-23;16:35:02;1;1;1;530;1;-3
2021-04-23;16:35:32;1;1;1;530;1;-3
2021-04-23;16:36:02;1;1;1;530;1;-3
2021-04-23;16:36:32;1;1;1;530;1;-3
2021-04-23;16:37:02;1;1;1;530;1;-3
2021-04-23;16:37:32;1;1;1;530;1;-3
2021-04-23;16:38:02;1;1;1;530;1;-3
2021-04-23;16:38:32;1;1;1;530;1;-3
2021-04-23;16:39:02;1;1;1;530;1;-3
2021-04-23;16:39:32;1;1;1;530;1;-3
2021-04-23;16:40:02;1;1;1;530;1;-3
2021-04-23;16:40:32;1;1;1;530;1;-3
2021-04-23;16:41:02;1;1;1;530;1;-3
2021-04-23;16:41:32;1;1;1;530;1;-3
2021-04-23;16:42:02;1;1;1;530;1;-3
2021-04-23;16:42:32;1;1;1;530;1;-3
2021-04-23;16:43:02;1;1;1;530;1;-3
2021-04-23;16:43:32;1;1;1;530;1;-3
2021-04-23;16:44:02;1;1;1;530;1;-3
2021-04-23;16:44:32;1;1;1;530;1;-3
2021-04-23;16:45:02;1;1;1;530;1;-3
2021-04-23;16:45:32;1;1;1;530;960;-3
2021-04-23;16:46:02;1;1;1;530;960;-3
2021-04-23;16:46:32;1;1;1;530;960;-3
2021-04-23;16:47:02;1;1;1;530;960;-3
2021-04-23;16:47:32;1;1;1;530;960;-3
2021-04-23;16:48:02;1;1;1;530;960;-3
2021-04-23;16:48:32;1;1;1;530;960;-3
2021-04-23;16:49:02;1;1;1;530;960;-3
2021-04-23;16:49:32;1;1;1;530;960;-3
2021-04-23;16:50:02;1;1;1;530;960;-3
2021-04-23;16:50:32;1;1;1;1;960;-3
2021-04-23;16:51:02;1;1;1;1;960;-3
2021-04-23;16:51:32;1;1;1;1;960;-3
2021-04-23;16:52:02;1;1;1;1;960;-3
2021-04-23;16:52:32;1;1;1;1;960;-3
2021-04-23;16:53:02;1;1;1;1;960;-3
2021-04-23;16:53:32;1;1;1;1;960;-3
2021-04-23;16:54:02;1;1;1;1;960;-3
2021-04-23;16:54:32;1;1;1;1;960;-3
2021-04-23;16:55:02;1;1;1;1;960;-3
2021-04-23;16:55:32;1;1;1;1;960;-3
2021-04-23;16:56:02;1;1;1;1;960;-3
2021-04-23;16:56:32;1;1;1;1;960;-3
2021-04-23;16:57:02;1;1;1;1;960;-3
2021-04-23;16:57:32;1;1;1;1;960;-3
2021-04-23;16:58:02;1;1;1;1;960;-3
2021-04-23;16:58:32;1;1;1;1;960;-3
2021-04-23;16:59:02;1;1;1;1;960;-3
2021-04-23;16:59:32;1;1;1;1;960;-3
2021-04-23;17:00:02;1;1;1;1;960;-3
2021-04-23;17:00:32;1;1;1;1;960;-3
2021-04-23;17:01:02;1;1;1;1;960;-3
2021-04-23;17:01:32;1;1;1;1;960;-3
2021-04-23;17:02:02;1;1;1;1;960;-3
2021-04-23;17:02:32;1;1;1;1;960;-3
2021-04-23;17:03:02;1;1;1;1;960;-3
2021-04-23;17:03:32;1;1;1;1;960;-3
2021-04-23;17:04:02;1;1;1;1;960;-3
2021-04-23;17:04:32;1;1;1;1;960;-3
2021-04-23;17:05:02;1;1;1;1;960;-3
2021-04-23;17:05:32;1;1;1;1;960;-3
2021-04-23;17:06:02;1;1;1;1;960;-3
2021-04-23;17:06:32;1;1;1;1;960;-3
2021-04-23;17:07:02;1;1;1;1;960;-3
2021-04-23;17:07:32;1;1;1;1;960;-3
2021-04-23;17:08:02;1;1;1;1;960;-3
2021-04-23;17:08:32;1;1;1;1;960;-3
2021-04-23;17:09:02;1;1;1;1;960;-3
2021-04-23;17:09:32;1;1;1;1;960;-3
2021-04-23;17:10:02;1;1;1;1;960;-3
2021-04-23;17:10:32;1;1;1;1;960;-3
2021-04-23;17:11:02;1;1;1;1;960;-3
2021-04-23;17:11:32;1;1;1;1;960;-3
2021-04-23;17:12:02;1;1;1;1;960;-3
2021-04-23;17:12:32;1;1;1;1;960;-3
2021-04-23;17:13:02;1;1;1;1;960;-3
2021-04-23;17:13:32;1;1;1;1;960;-3
2021-04-23;17:14:02;1;1;1;1;960;-3
2021-04-23;17:14:32;1;1;1;1;960;-3
2021-04-23;17:15:02;1;1;1;1;960;-3
2021-04-23;17:15:32;1;1;1;1;960;-3
2021-04-23;17:16:02;1;1;1;1;960;-3
2021-04-23;17:16:32;1;1;1;1;960;-3
2021-04-23;17:17:02;1;1;1;1;960;-3
2021-04-23;17:17:32;1;1;1;1;960;-3
2021-04-23;17:18:02;1;1;1;1;960;-3
2021-04-23;17:18:32;1;1;1;1;960;-3
2021-04-23;17:19:02;1;1;1;1;960;-3
2021-04-23;17:19:32;1;1;1;1;960;-3
2021-04-23;17:20:02;1;1;1;1;960;-3
2021-04-23;17:20:32;1;1;1;1;960;-3
2021-04-23;17:21:02;1;1;1;1;960;-3
2021-04-23;17:21:32;1;1;1;1;960;-3
2021-04-23;17:22:02;1;1;1;1;960;-3
2021-04-23;17:22:32;1;1;1;1;960;-3
2021-04-23;17:23:02;1;1;1;1;960;-3
2021-04-23;17:23:32;1;1;1;1;960;-3
2021-04-23;17:24:02;1;1;1;1;960;-3
2021-04-23;17:24:32;1;1;1;1;960;-3
2021-04-23;17:25:02;1;1;1;1;960;-3
2021-04-23;17:25:32;1;1;1;1;960;-3
2021-04-23;17:26:02;1;1;1;1;960;-3
2021-04-23;17:26:32;1;1;1;1;960;-3
2021-04-23;17:27:02;1;1;1;1;960;-3
2021-04-23;17:27:32;1;1;1;1;960;-3
2021-04-23;17:28:02;1;1;1;1;960;-3
2021-04-23;17:28:32;1;1;1;1;960;-3
2021-04-23;17:29:02;1;1;1;1;960;-3
2021-04-23;17:29:32;1;1;1;1;960;-3
2021-04-23;17:30:02;1;1;1;1;960;-3
2021-04-23;17:30:32;1;1;1;1;960;-3
2021-04-23;17:31:02;1;1;1;1;960;-3
2021-04-23;17:31:32;1;1;1;1;960;-3
2021-04-23;17:32:02;1;1;1;1;960;-3
2021-04-23;17:32:32;1;1;1;1;960;-3
2021-04-23;17:33:02;1;1;1;1;960;-3
2021-04-23;17:33:32;1;1;1;1;960;-3
2021-04-23;17:34:02;1;1;1;1;960;-3
2021-04-23;17:34:32;1;1;1;1;960;-3
2021-04-23;17:35:02;1;1;1;1;960;-3
2021-04-23;17:35:32;1;1;1;1;960;-3
2021-04-23;17:36:02;1;1;1;1;960;-3
2021-04-23;17:36:32;1;1;1;1;960;-3
2021-04-23;17:37:02;1;1;1;1;960;-3
2021-04-23;17:37:32;1;1;1;1;960;-3
2021-04-23;17:38:02;1;1;1;1;960;-3
2021-04-23;17:38:32;1;1;1;1;960;-3
2021-04-23;17:39:02;1;1;1;1;960;-3
2021-04-23;17:39:32;1;1;1;1;960;-3
2021-04-23;17:40:02;1;1;1;1;960;-3
2021-04-23;17:40:32;1;1;1;1;960;-3
2021-04-23;17:41:02;1;1;1;1;960;-3
2021-04-23;17:41:32;1;1;1;1;960;-3
2021-04-23;17:42:02;1;1;1;1;960;-3
2021-04-23;17:42:32;1;1;1;1;960;-3
2021-04-23;17:43:02;1;1;1;1;960;-3
2021-04-23;17:43:32;1;1;1;1;960;-3
2021-04-23;17:44:02;1;1;1;1;960;-3
2021-04-23;17:44:32;1;1;1;1;960;-3
2021-04-23;17:45:02;1;1;1;1;960;-3
2021-04-23;17:45:32;1;1;1;1;960;-3
2021-04-23;17:46:02;1;1;1;1;960;-3
2021-04-23;17:46:32;1;1;1;1;960;-3
2021-04-23;17:47:02;1;1;1;1;960;-3
2021-04-23;17:47:32;1;1;1;1;960;-3
2021-04-23;17:48:02;1;1;1;1;960;-3
2021-04-23;17:48:32;1;1;1;1;960;-3
2021-04-23;17:49:02;1;1;1;1;960;-3
2021-04-23;17:49:32;1;1;1;1;960;-3
2021-04-23;17:50:02;1;1;1;1;960;-3
2021-04-23;17:50:32;1;1;1;1;960;-3
2021-04-23;17:51:02;1;1;1;1;960;-3
2021-04-23;17:51:32;1;1;1;1;960;-3
2021-04-23;17:52:02;1;1;1;1;960;-3
2021-04-23;17:52:32;1;1;1;1;960;-3
2021-04-23;17:53:02;1;1;1;1;960;-3
2021-04-23;17:53:32;1;1;1;1;960;-3
2021-04-23;17:54:02;1;1;1;1;960;-3
2021-04-23;17:54:32;1;1;1;1;960;-3
2021-04-23;17:55:02;1;1;1;1;960;-3
2021-04-23;17:55:32;1;1;1;1;960;-3
2021-04-23;17:56:02;1;1;1;1;960;-3
2021-04-23;17:56:32;1;1;1;1;960;-3
2021-04-23;17:57:02;1;1;1;1;960;-3
2021-04-23;17:57:32;1;1;1;1;960;-3
2021-04-23;17:58:02;1;1;1;1;960;-3
2021-04-23;17:58:32;1;1;1;1;960;-3
2021-04-23;17:59:02;1;1;1;1;960;-3
2021-04-23;17:59:32;1;1;1;1;960;-3
2021-04-23;18:00:02;1;1;1;1;960;-3
2021-04-23;18:00:32;1;1;1;1;960;-3
2021-04-23;18:01:02;1;1;1;1;960;-3
2021-04-23;18:01:32;1;1;1;1;960;-3
2021-04-23;18:02:02;1;1;1;1;960;-3
2021-04-23;18:02:32;1;1;1;1;960;-3
2021-04-23;18:03:02;1;1;1;1;960;-3
2021-04-23;18:03:32;1;1;1;1;960;-3
2021-04-23;18:04:02;1;1;1;1;960;-3
2021-04-23;18:04:32;1;1;1;1;960;-3
2021-04-23;18:05:02;1;1;1;1;960;-3
2021-04-23;18:05:32;1;1;1;1;960;-3
2021-04-23;18:06:02;1;1;1;1;960;-3
2021-04-23;18:06:32;1;1;1;1;960;-3
2021-04-23;18:07:02;1;1;1;1;960;-3
2021-04-23;18:07:32;1;1;1;1;960;-3
2021-04-23;18:08:02;1;1;1;1;960;-3
2021-04-23;18:08:32;1;1;1;1;960;-3
2021-04-23;18:09:02;1;1;1;1;960;-3
2021-04-23;18:09:32;1;1;1;1;960;-3
2021-04-23;18:10:02;1;1;1;1;960;-3
2021-04-23;18:10:32;1;1;1;1;960;-3
2021-04-23;18:11:02;1;1;1;1;960;-3
2021-04-23;18:11:32;1;1;1;1;960;-3
2021-04-23;18:12:02;1;1;1;1;960;-3
2021-04-23;18:12:32;1;1;1;1;960;-3
2021-04-23;18:13:02;1;1;1;1;960;-3
2021-04-23;18:13:32;1;1;1;1;960;-3
2021-04-23;18:14:02;1;1;1;1;960;-3
2021-04-23;18:14:32;1;1;1;1;960;-3
2021-04-23;18:15:02;1;1;1;1;960;-3
2021-04-23;18:15:32;1;1;1;1;960;-3
2021-04-23;18:16:02;1;1;1;1;960;-3
2021-04-23;18:16:32;1;1;1;1;960;-3
2021-04-23;18:17:02;1;1;1;1;960;-3
2021-04-23;18:17:32;1;1;1;1;960;-3
2021-04-23;18:18:02;1;1;1;1;960;-3
2021-04-23;18:18:32;1;1;1;1;960;-3
2021-04-23;18:19:02;1;1;1;1;960;-3
2021-04-23;18:19:32;1;1;1;1;960;-3
2021-04-23;18:20:02;1;1;1;1;960;-3
2021-04-23;18:20:32;1;1;1;1;960;-3
2021-04-23;18:21:02;1;1;1;1;960;-3
2021-04-23;18:21:32;1;1;1;1;960;-3
2021-04-23;18:22:02;1;1;1;1;960;-3
2021-04-23;18:22:32;1;1;1;1;960;-3
2021-04-23;18:23:02;1;1;1;1;960;-3
2021-04-23;18:23:32;1;1;1;1;960;-3
2021-04-23;18:24:02;1;1;1;1;960;-3
2021-04-23;18:24:32;1;1;1;1;960;-3
2021-04-23;18:25:02;1;1;1;1;960;-3
2021-04-23;18:25:32;1;1;1;1;960;-3
2021-04-23;18:26:02;1;1;1;1;960;-3
2021-04-23;18:26:32;1;1;1;1;960;-3
2021-04-23;18:27:02;1;1;1;1;960;-3
2021-04-23;18:27:32;1;1;1;1;960;-3
2021-04-23;18:28:02;1;1;1;1;960;-3
2021-04-23;18:28:32;1;1;1;1;960;-3
2021-04-23;18:29:02;1;1;1;1;960;-3
2021-04-23;18:29:32;1;1;1;1;960;-3
2021-04-23;18:30:02;1;1;1;1;960;-3
2021-04-23;18:30:32;1;1;1;1;960;-3
2021-04-23;18:31:02;1;1;1;1;960;-3
2021-04-23;18:31:32;1;1;1;1;960;-3
2021-04-23;18:32:02;1;1;1;1;960;-3
2021-04-23;18:32:32;1;1;1;1;960;-3
2021-04-23;18:33:02;1;1;1;1;960;-3
2021-04-23;18:33:32;1;1;1;1;960;-3
2021-04-23;18:34:02;1;1;1;1;960;-3
2021-04-23;18:34:32;1;1;1;1;960;-3
2021-04-23;18:35:02;1;1;1;1;960;-3
2021-04-23;18:35:32;1;1;1;1;960;-3
2021-04-23;18:36:02;1;1;1;1;960;-3
2021-04-23;18:36:32;1;1;1;1;960;-3
2021-04-23;18:37:02;1;1;1;1;960;-3
2021-04-23;18:37:32;1;1;1;1;960;-3
2021-04-23;18:38:02;1;1;1;1;960;-3
2021-04-23;18:38:32;1;1;1;1;960;-3
2021-04-23;18:39:02;1;1;1;1;960;-3
2021-04-23;18:39:32;1;1;1;1;960;-3
2021-04-23;18:40:02;1;1;1;1;960;-3
2021-04-23;18:40:32;1;1;1;1;960;-3
2021-04-23;18:41:02;1;1;1;1;960;-3
2021-04-23;18:41:32;1;1;1;1;960;-3
2021-04-23;18:42:02;1;1;1;1;960;-3
2021-04-23;18:42:32;1;1;1;1;960;-3
2021-04-23;18:43:02;1;1;1;1;960;-3
2021-04-23;18:43:32;1;1;1;1;960;-3
2021-04-23;18:44:02;1;1;1;1;960;-3
2021-04-23;18:44:32;1;1;1;1;960;-3
2021-04-23;18:45:02;1;1;1;1;960;-3
2021-04-23;18:45:32;1;1;1;1;960;-3
2021-04-23;18:46:02;1;1;1;1;960;-3
2021-04-23;18:46:32;1;1;1;1;960;-3
2021-04-23;18:47:02;1;1;1;1;960;-3
2021-04-23;18:47:32;1;1;1;1;960;-3
2021-04-23;18:48:02;1;1;1;1;960;-3
2021-04-23;18:48:32;1;1;1;1;960;-3
2021-04-23;18:49:02;1;1;1;1;960;-3
2021-04-23;18:49:32;1;1;1;1;960;-3
2021-04-23;18:50:02;1;1;1;1;960;-3
2021-04-23;18:50:32;1;1;1;1;960;-3
2021-04-23;18:51:02;1;1;1;1;960;-3
2021-04-23;18:51:32;1;1;1;1;960;-3
2021-04-23;18:52:02;1;1;1;1;960;-3
2021-04-23;18:52:32;1;1;1;1;960;-3
2021-04-23;18:53:02;1;1;1;1;960;-3
2021-04-23;18:53:32;1;1;1;1;960;-3
2021-04-23;18:54:02;1;1;1;1;960;-3
2021-04-23;18:54:32;1;1;1;1;960;-3
2021-04-23;18:55:02;1;1;1;1;960;-3
2021-04-23;18:55:32;1;1;1;1;960;-3
2021-04-23;18:56:02;1;1;1;1;960;-3
2021-04-23;18:56:32;1;1;1;1;960;-3
2021-04-23;18:57:02;1;1;1;1;960;-3
2021-04-23;18:57:32;1;1;1;1;960;-3
2021-04-23;18:58:02;1;1;1;1;960;-3
2021-04-23;18:58:32;1;1;1;1;960;-3
2021-04-23;18:59:02;1;1;1;1;960;-3
2021-04-23;18:59:32;1;1;1;1;960;-3
2021-04-23;19:00:02;1;1;1;1;960;-3
2021-04-23;19:00:32;1;1;1;1;960;-3
2021-04-23;19:01:02;1;1;1;1;960;-3
2021-04-23;19:01:32;1;1;1;1;960;-3
2021-04-23;19:02:02;1;1;1;1;960;-3
2021-04-23;19:02:32;1;1;1;1;960;-3
2021-04-23;19:03:02;1;1;1;1;960;-3
2021-04-23;19:03:32;1;1;1;1;960;-3
2021-04-23;19:04:02;1;1;1;1;960;-3
2021-04-23;19:04:32;1;1;1;1;960;-3
2021-04-23;19:05:02;1;1;1;1;960;-3
2021-04-23;19:05:32;1;1;1;1;960;-3
2021-04-23;19:06:02;1;1;1;1;960;-3
2021-04-23;19:06:32;1;1;1;1;960;-3
2021-04-23;19:07:02;1;1;1;1;960;-3
2021-04-23;19:07:32;1;1;1;1;960;-3
2021-04-23;19:08:02;1;1;1;1;960;-3
2021-04-23;19:08:32;1;1;1;1;960;-3
2021-04-23;19:09:02;1;1;1;1;960;-3
2021-04-23;19:09:32;1;1;1;1;960;-3
2021-04-23;19:10:02;1;1;1;1;960;-3
2021-04-23;19:10:32;1;1;1;1;960;-3
2021-04-23;19:11:02;1;1;1;1;960;-3
2021-04-23;19:11:32;1;1;1;1;960;-3
2021-04-23;19:12:02;1;1;1;1;960;-3
2021-04-23;19:12:32;1;1;1;1;960;-3
2021-04-23;19:13:02;1;1;1;1;960;-3
2021-04-23;19:13:32;1;1;1;1;960;-3
2021-04-23;19:14:02;1;1;1;1;960;-3
2021-04-23;19:14:32;1;1;1;1;960;-3
2021-04-23;19:15:02;1;1;1;1;960;-3
2021-04-23;19:15:32;1;1;1;1;960;-3
2021-04-23;19:16:02;1;1;1;1;960;-3
2021-04-23;19:16:32;1;1;1;1;960;-3
2021-04-23;19:17:02;1;1;1;1;960;-3
2021-04-23;19:17:32;1;1;1;1;960;-3
2021-04-23;19:18:02;1;1;1;1;960;-3
2021-04-23;19:18:32;1;1;1;1;960;-3
2021-04-23;19:19:02;1;1;1;1;960;-3
2021-04-23;19:19:32;1;1;1;1;960;-3
2021-04-23;19:19:32;1;1;1;1;960;-3
2021-04-23;19:20:02;1;1;1;1;960;-3
2021-04-23;19:20:32;1;1;1;1;960;-3
2021-04-23;19:21:02;1;1;1;1;960;-3
2021-04-23;19:21:32;1;1;1;1;960;-3
2021-04-23;19:22:02;1;1;1;1;960;-3
2021-04-23;19:22:32;1;1;1;1;960;-3
2021-04-23;19:23:02;1;1;1;1;960;-3
2021-04-23;19:23:32;1;1;1;1;960;-3
2021-04-23;19:24:02;1;1;1;1;960;-3
2021-04-23;19:24:32;1;1;1;1;960;-3
2021-04-23;19:25:02;1;1;1;1;960;-3
2021-04-23;19:25:32;1;1;1;1;960;-3
2021-04-23;19:26:02;1;1;1;1;960;-3
2021-04-23;19:26:32;1;1;1;1;960;-3
2021-04-23;19:27:02;1;1;1;1;960;-3
2021-04-23;19:27:32;1;1;1;1;960;-3
2021-04-23;19:28:02;1;1;1;1;960;-3
2021-04-23;19:28:32;1;1;1;1;960;-3
2021-04-23;19:29:02;1;1;1;1;960;-3
2021-04-23;19:29:32;1;1;1;1;960;-3
2021-04-23;19:30:02;1;1;1;1;960;-3
2021-04-23;19:30:32;1;1;1;1;960;-3
2021-04-23;19:31:02;1;1;1;1;960;-3
2021-04-23;19:31:32;1;1;1;1;960;-3
2021-04-23;19:32:02;1;1;1;1;960;-3
2021-04-23;19:32:32;1;1;1;1;960;-3
2021-04-23;19:33:02;1;1;1;1;960;-3
2021-04-23;19:33:32;1;1;1;1;960;-3
2021-04-23;19:34:02;1;1;1;1;960;-3
2021-04-23;19:34:32;1;1;1;1;960;-3
2021-04-23;19:35:02;1;1;1;1;960;-3
2021-04-23;19:35:32;1;1;1;1;960;-3
2021-04-23;19:36:02;1;1;1;1;960;-3
2021-04-23;19:36:32;1;1;1;1;960;-3
2021-04-23;19:37:02;1;1;1;1;960;-3
2021-04-23;19:37:32;1;1;1;1;960;-3
2021-04-23;19:38:02;1;1;1;1;960;-3
2021-04-23;19:38:32;1;1;1;1;960;-3
2021-04-23;19:39:02;1;1;1;1;960;-3
2021-04-23;19:39:32;1;1;1;1;960;-3
2021-04-23;19:40:02;1;1;1;1;960;-3
2021-04-23;19:40:32;1;1;1;1;960;-3
2021-04-23;19:41:02;1;1;1;1;960;-3
2021-04-23;19:41:32;1;1;1;1;960;-3
2021-04-23;19:42:02;1;1;1;1;960;-3
2021-04-23;19:42:32;1;1;1;1;960;-3
2021-04-23;19:43:02;1;1;1;1;960;-3
2021-04-23;19:43:32;1;1;1;1;960;-3
2021-04-23;19:44:02;1;1;1;1;960;-3
2021-04-23;19:44:32;1;1;1;1;960;-3
2021-04-23;19:45:02;1;1;1;1;960;-3
2021-04-23;19:45:32;1;1;1;1;960;-3
2021-04-23;19:46:02;1;1;1;1;960;-3
2021-04-23;19:46:32;1;1;1;1;960;-3
2021-04-23;19:47:02;1;1;1;1;960;-3
2021-04-23;19:47:32;1;1;1;1;960;-3
2021-04-23;19:48:02;1;1;1;1;960;-3
2021-04-23;19:48:32;1;1;1;1;960;-3
2021-04-23;19:49:02;1;1;1;1;960;-3
2021-04-23;19:49:32;1;1;1;1;960;-3
2021-04-23;19:50:02;1;1;1;1;960;-3
2021-04-23;19:50:32;1;1;1;1;960;-3
2021-04-23;19:51:02;1;1;1;1;960;-3
2021-04-23;19:51:32;1;1;1;1;960;-3
2021-04-23;19:52:02;1;1;1;1;960;-3
2021-04-23;19:52:32;1;1;1;1;960;-3
2021-04-23;19:53:02;1;1;1;1;960;-3
2021-04-23;19:53:32;1;1;1;1;960;-3
2021-04-23;19:54:02;1;1;1;1;960;-3
2021-04-23;19:54:32;1;1;1;1;960;-3
2021-04-23;19:55:02;1;1;1;1;960;-3
2021-04-23;19:55:32;1;1;1;1;960;-3
2021-04-23;19:56:02;1;1;1;1;960;-3
2021-04-23;19:56:32;1;1;1;1;960;-3
2021-04-23;19:57:02;1;1;1;1;960;-3
2021-04-23;19:57:32;1;1;1;1;960;-3
2021-04-23;19:58:02;1;1;1;1;960;-3
2021-04-23;19:58:32;1;1;1;1;960;-3
2021-04-23;19:59:02;1;1;1;1;960;-3
2021-04-23;19:59:32;1;1;1;1;960;-3
2021-04-23;20:00:02;1;1;1;1;960;-3
2021-04-23;20:00:32;1;1;1;1;960;-3
2021-04-23;20:01:02;1;1;1;1;960;-3
2021-04-23;20:01:32;1;1;1;1;960;-3
2021-04-23;20:02:02;1;1;1;1;960;-3
2021-04-23;20:02:32;1;1;1;1;960;-3
2021-04-23;20:03:02;1;1;1;1;960;-3
2021-04-23;20:03:32;1;1;1;1;960;-3
2021-04-23;20:04:02;1;1;1;1;960;-3
2021-04-23;20:04:32;1;1;1;1;960;-3
2021-04-23;20:05:02;1;1;1;1;960;-3
2021-04-23;20:05:32;1;1;1;1;960;-3
2021-04-23;20:06:02;1;1;1;1;960;-3
2021-04-23;20:06:32;1;1;1;1;960;-3
2021-04-23;20:07:02;1;1;1;1;960;-3
2021-04-23;20:07:32;1;1;1;1;960;-3
2021-04-23;20:08:02;1;1;1;1;960;-3
2021-04-23;20:08:32;1;1;1;1;960;-3
2021-04-23;20:09:02;1;1;1;1;960;-3
2021-04-23;20:09:32;1;1;1;1;960;-3
2021-04-23;20:10:02;1;1;1;1;960;-3
2021-04-23;20:10:32;1;1;1;1;960;-3
2021-04-23;20:11:02;1;1;1;1;960;-3
2021-04-23;20:11:32;1;1;1;1;960;-3
2021-04-23;20:12:02;1;1;1;1;960;-3
2021-04-23;20:12:32;1;1;1;1;960;-3
2021-04-23;20:13:02;1;1;1;1;960;-3
2021-04-23;20:13:32;1;1;1;1;960;-3
2021-04-23;20:14:02;1;1;1;1;960;-3
2021-04-23;20:14:32;1;1;1;1;960;-3
2021-04-23;20:15:02;1;1;1;1;960;-3
2021-04-23;20:15:32;1;1;1;1;960;-3
2021-04-23;20:16:02;1;1;1;1;960;-3
2021-04-23;20:16:32;1;1;1;1;960;-3
2021-04-23;20:17:02;1;1;1;1;960;-3
2021-04-23;20:17:32;1;1;1;1;960;-3
2021-04-23;20:18:02;1;1;1;1;960;-3
2021-04-23;20:18:32;1;1;1;1;960;-3
2021-04-23;20:19:02;1;1;1;1;960;-3
2021-04-23;20:19:32;1;1;1;1;960;-3
2021-04-23;20:20:02;1;1;1;1;960;-3
2021-04-23;20:20:32;1;1;1;1;960;-3
2021-04-23;20:21:02;1;1;1;1;960;-3
2021-04-23;20:21:32;1;1;1;1;960;-3
2021-04-23;20:22:02;1;1;1;1;960;-3
2021-04-23;20:22:32;1;1;1;1;960;-3
2021-04-23;20:23:02;1;1;1;1;960;-3
2021-04-23;20:23:32;1;1;1;1;960;-3
2021-04-23;20:24:02;1;1;1;1;960;-3
2021-04-23;20:24:32;1;1;1;1;960;-3
2021-04-23;20:25:02;1;1;1;1;960;-3
2021-04-23;20:25:32;1;1;1;1;960;-3
2021-04-23;20:26:02;1;1;1;1;960;-3
2021-04-23;20:26:32;1;1;1;1;960;-3
2021-04-23;20:27:02;1;1;1;1;960;-3
2021-04-23;20:27:32;1;1;1;1;960;-3
2021-04-23;20:28:02;1;1;1;1;960;-3
2021-04-23;20:28:32;1;1;1;1;960;-3
2021-04-23;20:29:02;1;1;1;1;960;-3
2021-04-23;20:29:32;1;1;1;1;960;-3
2021-04-23;20:30:02;1;1;1;1;960;-3
2021-04-23;20:30:32;1;1;1;1;960;-3
2021-04-23;20:31:02;1;1;1;1;960;-3
2021-04-23;20:31:32;1;1;1;1;960;-3
2021-04-23;20:32:02;1;1;1;1;960;-3
2021-04-23;20:32:32;1;1;1;1;960;-3
2021-04-23;20:33:02;1;1;1;1;960;-3
2021-04-23;20:33:32;1;1;1;1;960;-3
2021-04-23;20:34:02;1;1;1;1;960;-3
2021-04-23;20:34:32;1;1;1;1;960;-3
2021-04-23;20:35:02;1;1;1;1;960;-3
2021-04-23;20:35:32;1;1;1;1;960;-3
2021-04-23;20:36:02;1;1;1;1;960;-3
2021-04-23;20:36:32;1;1;1;1;960;-3
2021-04-23;20:37:02;1;1;1;1;960;-3
2021-04-23;20:37:32;1;1;1;1;960;-3
2021-04-23;20:38:02;1;1;1;1;960;-3
2021-04-23;20:38:32;1;1;1;1;960;-3
2021-04-23;20:39:02;1;1;1;1;960;-3
2021-04-23;20:39:32;1;1;1;1;960;-3
2021-04-23;20:40:02;1;1;1;1;960;-3
2021-04-23;20:40:32;1;1;1;1;960;-3
2021-04-23;20:41:02;1;1;1;1;960;-3
2021-04-23;20:41:32;1;1;1;1;960;-3
2021-04-23;20:42:02;1;1;1;1;960;-3
2021-04-23;20:42:32;1;1;1;1;960;-3
2021-04-23;20:43:02;1;1;1;1;960;-3
2021-04-23;20:43:32;1;1;1;1;960;-3
2021-04-23;20:44:02;1;1;1;1;960;-3
2021-04-23;20:44:32;1;1;1;1;960;-3
2021-04-23;20:45:02;1;1;1;1;960;-3
2021-04-23;20:45:32;1;1;1;1;960;-3
2021-04-23;20:46:02;1;1;1;1;960;-3
2021-04-23;20:46:32;1;1;1;1;960;-3
2021-04-23;20:47:02;1;1;1;1;960;-3
2021-04-23;20:47:32;1;1;1;1;960;-3
2021-04-23;20:48:02;1;1;1;1;960;-3
2021-04-23;20:48:32;1;1;1;1;960;-3
2021-04-23;20:49:02;1;1;1;1;960;-3
2021-04-23;20:49:32;1;1;1;1;960;-3
2021-04-23;20:50:02;1;1;1;1;960;-3
2021-04-23;20:50:32;1;1;1;1;960;-3
2021-04-23;20:51:02;1;1;1;1;960;-3
2021-04-23;20:51:32;1;1;1;1;960;-3
2021-04-23;20:52:02;1;1;1;1;960;-3
2021-04-23;20:52:32;1;1;1;1;960;-3
2021-04-23;20:53:02;1;1;1;1;960;-3
2021-04-23;20:53:32;1;1;1;1;960;-3
2021-04-23;20:54:02;1;1;1;1;960;-3
2021-04-23;20:54:32;1;1;1;1;960;-3
2021-04-23;20:55:02;1;1;1;1;960;-3
2021-04-23;20:55:32;1;1;1;1;960;-3
2021-04-23;20:56:02;1;1;1;1;960;-3
2021-04-23;20:56:32;1;1;1;1;960;-3
2021-04-23;20:57:02;1;1;1;1;960;-3
2021-04-23;20:57:32;1;1;1;1;960;-3
2021-04-23;20:58:02;1;1;1;1;960;-3
2021-04-23;20:58:32;1;1;1;1;960;-3
2021-04-23;20:59:02;1;1;1;1;960;-3
2021-04-23;20:59:32;1;1;1;1;960;-3
2021-04-23;21:00:02;1;1;1;1;960;-3
2021-04-23;21:00:32;1;1;1;1;960;-3
2021-04-23;21:01:02;1;1;1;1;960;-3
2021-04-23;21:01:32;1;1;1;1;960;-3
2021-04-23;21:02:02;1;1;1;1;960;-3
2021-04-23;21:02:32;1;1;1;1;960;-3
2021-04-23;21:03:02;1;1;1;1;960;-3
2021-04-23;21:03:32;1;1;1;1;960;-3
2021-04-23;21:04:02;1;1;1;1;960;-3
2021-04-23;21:04:32;1;1;1;1;960;-3
2021-04-23;21:05:02;1;1;1;1;960;-3
2021-04-23;21:05:32;1;1;1;1;960;-3
2021-04-23;21:06:02;1;1;1;1;960;-3
2021-04-23;21:06:32;1;1;1;1;960;-3
2021-04-23;21:07:02;1;1;1;1;960;-3
2021-04-23;21:07:32;1;1;1;1;960;-3
2021-04-23;21:08:02;1;1;1;1;960;-3
2021-04-23;21:08:32;1;1;1;1;960;-3
2021-04-23;21:09:02;1;1;1;1;960;-3
2021-04-23;21:09:32;1;1;1;1;960;-3
2021-04-23;21:10:02;1;1;1;1;960;-3
2021-04-23;21:10:32;1;1;1;1;960;-3
2021-04-23;21:11:02;1;1;1;1;960;-3
2021-04-23;21:11:32;1;1;1;1;960;-3
2021-04-23;21:12:02;1;1;1;1;960;-3
2021-04-23;21:12:32;1;1;1;1;960;-3
2021-04-23;21:13:02;1;1;1;1;960;-3
2021-04-23;21:13:32;1;1;1;1;960;-3
2021-04-23;21:14:02;1;1;1;1;960;-3
2021-04-23;21:14:32;1;1;1;1;960;-3
2021-04-23;21:15:02;1;1;1;1;960;-3
2021-04-23;21:15:32;1;1;1;1;960;-3
2021-04-23;21:16:02;1;1;1;1;960;-3
2021-04-23;21:16:32;1;1;1;1;960;-3
2021-04-23;21:17:02;1;1;1;1;960;-3
2021-04-23;21:17:32;1;1;1;1;960;-3
2021-04-23;21:18:02;1;1;1;1;960;-3
2021-04-23;21:18:32;1;1;1;1;960;-3
2021-04-23;21:19:02;1;1;1;1;960;-3
2021-04-23;21:19:32;1;1;1;1;960;-3
2021-04-23;21:20:02;1;1;1;1;960;-3
2021-04-23;21:20:32;1;1;1;1;960;-3
2021-04-23;21:21:02;1;1;1;1;960;-3
2021-04-23;21:21:32;1;1;1;1;960;-3
2021-04-23;21:22:02;1;1;1;1;960;-3
2021-04-23;21:22:32;1;1;1;1;960;-3
2021-04-23;21:23:02;1;1;1;1;960;-3
2021-04-23;21:23:32;1;1;1;1;960;-3
2021-04-23;21:24:02;1;1;1;1;960;-3
2021-04-23;21:24:32;1;1;1;1;960;-3
2021-04-23;21:25:02;1;1;1;1;960;-3
2021-04-23;21:25:32;1;1;1;1;960;-3
2021-04-23;21:26:02;1;1;1;1;960;-3
2021-04-23;21:26:32;1;1;1;1;960;-3
2021-04-23;21:27:02;1;1;1;1;960;-3
2021-04-23;21:27:32;1;1;1;1;960;-3
2021-04-23;21:28:02;1;1;1;1;960;-3
2021-04-23;21:28:32;1;1;1;1;960;-3
2021-04-23;21:29:02;1;1;1;1;960;-3
2021-04-23;21:29:32;1;1;1;1;960;-3
2021-04-23;21:30:02;1;1;1;1;960;-3
2021-04-23;21:30:32;1;1;1;1;960;-3
2021-04-23;21:31:02;1;1;1;1;960;-3
2021-04-23;21:31:32;1;1;1;1;960;-3
2021-04-23;21:32:02;1;1;1;1;960;-3
2021-04-23;21:32:32;1;1;1;1;960;-3
2021-04-23;21:33:02;1;1;1;1;960;-3
2021-04-23;21:33:32;1;1;1;1;960;-3
2021-04-23;21:34:02;1;1;1;1;960;-3
2021-04-23;21:34:32;1;1;1;1;960;-3
2021-04-23;21:35:02;1;1;1;1;960;-3
2021-04-23;21:35:32;1;1;1;1;960;-3
2021-04-23;21:36:02;1;1;1;1;960;-3
2021-04-23;21:36:32;1;1;1;1;960;-3
2021-04-23;21:37:02;1;1;1;1;960;-3
2021-04-23;21:37:32;1;1;1;1;960;-3
2021-04-23;21:38:02;1;1;1;1;960;-3
2021-04-23;21:38:32;1;1;1;1;960;-3
2021-04-23;21:39:02;1;1;1;1;960;-3
2021-04-23;21:39:32;1;1;1;1;960;-3
2021-04-23;21:40:02;1;1;1;1;960;-3
2021-04-23;21:40:32;1;1;1;1;960;-3
2021-04-23;21:41:02;1;1;1;1;960;-3
2021-04-23;21:41:32;1;1;1;1;960;-3
2021-04-23;21:42:02;1;1;1;1;960;-3
2021-04-23;21:42:32;1;1;1;1;960;-3
2021-04-23;21:43:02;1;1;1;1;960;-3
2021-04-23;21:43:32;1;1;1;1;960;-3
2021-04-23;21:44:02;1;1;1;1;960;-3
2021-04-23;21:44:32;1;1;1;1;960;-3
2021-04-23;21:45:02;1;1;1;1;960;-3
2021-04-23;21:45:32;1;1;1;1;960;-3
2021-04-23;21:46:02;1;1;1;1;960;-3
2021-04-23;21:46:32;1;1;1;1;960;-3
2021-04-23;21:47:02;1;1;1;1;960;-3
2021-04-23;21:47:32;1;1;1;1;960;-3
2021-04-23;21:48:02;1;1;1;1;960;-3
2021-04-23;21:48:32;1;1;1;1;960;-3
2021-04-23;21:49:02;1;1;1;1;960;-3
2021-04-23;21:49:32;1;1;1;1;960;-3
2021-04-23;21:50:02;1;1;1;1;960;-3
2021-04-23;21:50:32;1;1;1;1;960;-3
2021-04-23;21:51:02;1;1;1;1;960;-3
2021-04-23;21:51:32;1;1;1;1;960;-3
2021-04-23;21:52:02;1;1;1;1;960;-3
2021-04-23;21:52:32;1;1;1;1;960;-3
2021-04-23;21:53:02;1;1;1;1;960;-3
2021-04-23;21:53:32;1;1;1;1;960;-3
2021-04-23;21:54:02;1;1;1;1;960;-3
2021-04-23;21:54:32;1;1;1;1;960;-3
2021-04-23;21:55:02;1;1;1;1;960;-3
2021-04-23;21:55:32;1;1;1;1;960;-3
2021-04-23;21:56:02;1;1;1;1;960;-3
2021-04-23;21:56:32;1;1;1;1;960;-3
2021-04-23;21:57:02;1;1;1;1;960;-3
2021-04-23;21:57:32;1;1;1;1;960;-3
2021-04-23;21:58:02;1;1;1;1;960;-3
2021-04-23;21:58:32;1;1;1;1;960;-3
2021-04-23;21:59:02;1;1;1;1;960;-3
2021-04-23;21:59:32;1;1;1;1;960;-3
2021-04-23;22:00:02;1;1;1;1;960;-3
2021-04-23;22:00:32;1;1;1;1;960;-3
2021-04-23;22:01:02;1;1;1;1;960;-3
2021-04-23;22:01:32;1;1;1;1;960;-3
2021-04-23;22:02:02;1;1;1;1;960;-3
2021-04-23;22:02:32;1;1;1;1;960;-3
2021-04-23;22:03:02;1;1;1;1;960;-3
2021-04-23;22:03:32;1;1;1;1;960;-3
2021-04-23;22:04:02;1;1;1;1;960;-3
2021-04-23;22:04:32;1;1;1;1;960;-3
2021-04-23;22:05:02;1;1;1;1;960;-3
2021-04-23;22:05:32;1;1;1;1;960;-3
2021-04-23;22:06:02;1;1;1;1;960;-3
2021-04-23;22:06:32;1;1;1;1;960;-3
2021-04-23;22:07:02;1;1;1;1;960;-3
2021-04-23;22:07:32;1;1;1;1;960;-3
2021-04-23;22:08:02;1;1;1;1;960;-3
2021-04-23;22:08:32;1;1;1;1;960;-3
2021-04-23;22:09:02;1;1;1;1;960;-3
2021-04-23;22:09:32;1;1;1;1;960;-3
2021-04-23;22:10:02;1;1;1;1;960;-3
2021-04-23;22:10:32;1;1;1;1;960;-3
2021-04-23;22:11:02;1;1;1;1;960;-3
2021-04-23;22:11:32;1;1;1;1;960;-3
2021-04-23;22:12:02;1;1;1;1;960;-3
2021-04-23;22:12:32;1;1;1;1;960;-3
2021-04-23;22:13:02;1;1;1;1;960;-3
2021-04-23;22:13:32;1;1;1;1;960;-3
2021-04-23;22:14:02;1;1;1;1;960;-3
2021-04-23;22:14:32;1;1;1;1;960;-3
2021-04-23;22:15:02;1;1;1;1;960;-3
2021-04-23;22:15:32;1;1;1;1;960;-3
2021-04-23;22:16:02;1;1;1;1;960;-3
2021-04-23;22:16:32;1;1;1;1;960;-3
2021-04-23;22:17:02;1;1;1;1;960;-3
2021-04-23;22:17:32;1;1;1;1;960;-3
2021-04-23;22:18:02;1;1;1;1;960;-3
2021-04-23;22:18:32;1;1;1;1;960;-3
2021-04-23;22:19:02;1;1;1;1;960;-3
2021-04-23;22:19:32;1;1;1;1;960;-3
2021-04-23;22:20:02;1;1;1;1;960;-3
2021-04-23;22:20:32;1;1;1;1;960;-3
2021-04-23;22:21:02;1;1;1;1;960;-3
2021-04-23;22:21:32;1;1;1;1;960;-3
2021-04-23;22:22:02;1;1;1;1;960;-3
2021-04-23;22:22:32;1;1;1;1;960;-3
2021-04-23;22:23:02;1;1;1;1;960;-3
2021-04-23;22:23:32;1;1;1;1;960;-3
2021-04-23;22:24:02;1;1;1;1;960;-3
2021-04-23;22:24:32;1;1;1;1;960;-3
2021-04-23;22:25:02;1;1;1;1;960;-3
2021-04-23;22:25:32;1;1;1;1;960;-3
2021-04-23;22:26:02;1;1;1;1;960;-3
2021-04-23;22:26:32;1;1;1;1;960;-3
2021-04-23;22:27:02;1;1;1;1;960;-3
2021-04-23;22:27:32;1;1;1;1;960;-3
2021-04-23;22:28:02;1;1;1;1;960;-3
2021-04-23;22:28:32;1;1;1;1;960;-3
2021-04-23;22:29:02;1;1;1;1;960;-3
2021-04-23;22:29:32;1;1;1;1;960;-3
2021-04-23;22:30:02;1;1;1;1;960;-3
2021-04-23;22:30:32;1;1;1;1;960;-3
2021-04-23;22:31:02;1;1;1;1;960;-3
2021-04-23;22:31:32;1;1;1;1;960;-3
2021-04-23;22:32:02;1;1;1;1;960;-3
2021-04-23;22:32:32;1;1;1;1;960;-3
2021-04-23;22:33:02;1;1;1;1;960;-3
2021-04-23;22:33:32;1;1;1;1;960;-3
2021-04-23;22:34:02;1;1;1;1;960;-3
2021-04-23;22:34:32;1;1;1;1;960;-3
2021-04-23;22:35:02;1;1;1;1;960;-3
2021-04-23;22:35:32;1;1;1;1;960;-3
2021-04-23;22:36:02;1;1;1;1;960;-3
2021-04-23;22:36:32;1;1;1;1;960;-3
2021-04-23;22:37:02;1;1;1;1;960;-3
2021-04-23;22:37:32;1;1;1;1;960;-3
2021-04-23;22:38:02;1;1;1;1;960;-3
2021-04-23;22:38:32;1;1;1;1;960;-3
2021-04-23;22:39:02;1;1;1;1;960;-3
2021-04-23;22:39:32;1;1;1;1;960;-3
2021-04-23;22:40:02;1;1;1;1;960;-3
2021-04-23;22:40:32;1;1;1;1;960;-3
2021-04-23;22:41:02;1;1;1;1;960;-3
2021-04-23;22:41:32;1;1;1;1;960;-3
2021-04-23;22:42:02;1;1;1;1;960;-3
2021-04-23;22:42:32;1;1;1;1;960;-3
2021-04-23;22:43:02;1;1;1;1;960;-3
2021-04-23;22:43:32;1;1;1;1;960;-3
2021-04-23;22:44:02;1;1;1;1;960;-3
2021-04-23;22:44:32;1;1;1;1;960;-3
2021-04-23;22:45:02;1;1;1;1;960;-3
2021-04-23;22:45:32;1;1;1;1;960;-3
2021-04-23;22:46:02;1;1;1;1;960;-3
2021-04-23;22:46:32;1;1;1;1;960;-3
2021-04-23;22:47:02;1;1;1;1;960;-3
2021-04-23;22:47:32;1;1;1;1;960;-3
2021-04-23;22:48:02;1;1;1;1;960;-3
2021-04-23;22:48:32;1;1;1;1;960;-3
2021-04-23;22:49:02;1;1;1;1;960;-3
2021-04-23;22:49:32;1;1;1;1;960;-3
2021-04-23;22:50:02;1;1;1;1;960;-3
2021-04-23;22:50:32;1;1;1;1;960;-3
2021-04-23;22:51:02;1;1;1;1;960;-3
2021-04-23;22:51:32;1;1;1;1;960;-3
2021-04-23;22:52:02;1;1;1;1;960;-3
2021-04-23;22:52:32;1;1;1;1;960;-3
2021-04-23;22:53:02;1;1;1;1;960;-3
2021-04-23;22:53:32;1;1;1;1;960;-3
2021-04-23;22:54:02;1;1;1;1;960;-3
2021-04-23;22:54:32;1;1;1;1;960;-3
2021-04-23;22:55:02;1;1;1;1;960;-3
2021-04-23;22:55:32;1;1;1;1;960;-3
2021-04-23;22:56:02;1;1;1;1;960;-3
2021-04-23;22:56:32;1;1;1;1;960;-3
2021-04-23;22:57:02;1;1;1;1;960;-3
2021-04-23;22:57:32;1;1;1;1;960;-3
2021-04-23;22:58:02;1;1;1;1;960;-3
2021-04-23;22:58:32;1;1;1;1;960;-3
2021-04-23;22:59:02;1;1;1;1;960;-3
2021-04-23;22:59:32;1;1;1;1;960;-3
2021-04-23;23:00:02;1;1;1;1;960;-3
2021-04-23;23:00:32;1;1;1;1;960;-3
2021-04-23;23:01:02;1;1;1;1;960;-3
2021-04-23;23:01:32;1;1;1;1;960;-3
2021-04-23;23:02:02;1;1;1;1;960;-3
2021-04-23;23:02:32;1;1;1;1;960;-3
2021-04-23;23:03:02;1;1;1;1;960;-3
2021-04-23;23:03:32;1;1;1;1;960;-3
2021-04-23;23:04:02;1;1;1;1;960;-3
2021-04-23;23:04:32;1;1;1;1;960;-3
2021-04-23;23:05:02;1;1;1;1;960;-3
2021-04-23;23:05:32;1;1;1;1;960;-3
2021-04-23;23:06:02;1;1;1;1;960;-3
2021-04-23;23:06:32;1;1;1;1;960;-3
2021-04-23;23:07:02;1;1;1;1;960;-3
2021-04-23;23:07:32;1;1;1;1;960;-3
2021-04-23;23:08:02;1;1;1;1;960;-3
2021-04-23;23:08:32;1;1;1;1;960;-3
2021-04-23;23:09:02;1;1;1;1;960;-3
2021-04-23;23:09:32;1;1;1;1;960;-3
2021-04-23;23:10:02;1;1;1;1;960;-3
2021-04-23;23:10:32;1;1;1;1;960;-3
2021-04-23;23:11:02;1;1;1;1;960;-3
2021-04-23;23:11:32;1;1;1;1;960;-3
2021-04-23;23:12:02;1;1;1;1;960;-3
2021-04-23;23:12:32;1;1;1;1;960;-3
2021-04-23;23:13:02;1;1;1;1;960;-3
2021-04-23;23:13:32;1;1;1;1;960;-3
2021-04-23;23:14:02;1;1;1;1;960;-3
2021-04-23;23:14:32;1;1;1;1;960;-3
2021-04-23;23:15:02;1;1;1;1;960;-3
2021-04-23;23:15:32;1;1;1;1;960;-3
2021-04-23;23:16:02;1;1;1;1;960;-3
2021-04-23;23:16:32;1;1;1;1;960;-3
2021-04-23;23:17:02;1;1;1;1;960;-3
2021-04-23;23:17:32;1;1;1;1;960;-3
2021-04-23;23:18:02;1;1;1;1;960;-3
2021-04-23;23:18:32;1;1;1;1;960;-3
2021-04-23;23:19:02;1;1;1;1;960;-3
2021-04-23;23:19:32;1;1;1;1;960;-3
2021-04-23;23:20:02;1;1;1;1;960;-3
2021-04-23;23:20:32;1;1;1;1;960;-3
2021-04-23;23:21:02;1;1;1;1;960;-3
2021-04-23;23:21:32;1;1;1;1;960;-3
2021-04-23;23:22:02;1;1;1;1;960;-3
2021-04-23;23:22:32;1;1;1;1;960;-3
2021-04-23;23:23:02;1;1;1;1;960;-3
2021-04-23;23:23:32;1;1;1;1;960;-3
2021-04-23;23:24:02;1;1;1;1;960;-3
2021-04-23;23:24:32;1;1;1;1;960;-3
2021-04-23;23:25:02;1;1;1;1;960;-3
2021-04-23;23:25:32;1;1;1;1;960;-3
2021-04-23;23:26:02;1;1;1;1;960;-3
2021-04-23;23:26:32;1;1;1;1;960;-3
2021-04-23;23:27:02;1;1;1;1;960;-3
2021-04-23;23:27:32;1;1;1;1;960;-3
2021-04-23;23:28:02;1;1;1;1;960;-3
2021-04-23;23:28:32;1;1;1;1;960;-3
2021-04-23;23:29:02;1;1;1;1;960;-3
2021-04-23;23:29:32;1;1;1;1;960;-3
2021-04-23;23:30:02;1;1;1;1;960;-3
2021-04-23;23:30:32;1;1;1;1;960;-3
2021-04-23;23:31:02;1;1;1;1;960;-3
2021-04-23;23:31:32;1;1;1;1;960;-3
2021-04-23;23:32:02;1;1;1;1;960;-3
2021-04-23;23:32:32;1;1;1;1;960;-3
2021-04-23;23:33:02;1;1;1;1;960;-3
2021-04-23;23:33:32;1;1;1;1;960;-3
2021-04-23;23:34:02;1;1;1;1;960;-3
2021-04-23;23:34:32;1;1;1;1;960;-3
2021-04-23;23:35:02;1;1;1;1;960;-3
2021-04-23;23:35:32;1;1;1;1;960;-3
2021-04-23;23:36:02;1;1;1;1;960;-3
2021-04-23;23:36:32;1;1;1;1;960;-3
2021-04-23;23:37:02;1;1;1;1;960;-3
2021-04-23;23:37:32;1;1;1;1;960;-3
2021-04-23;23:38:02;1;1;1;1;960;-3
2021-04-23;23:38:32;1;1;1;1;960;-3
2021-04-23;23:39:02;1;1;1;1;960;-3
2021-04-23;23:39:32;1;1;1;1;960;-3
2021-04-23;23:40:02;1;1;1;1;960;-3
2021-04-23;23:40:32;1;1;1;1;960;-3
2021-04-23;23:41:02;1;1;1;1;960;-3
2021-04-23;23:41:32;1;1;1;1;960;-3
2021-04-23;23:42:02;1;1;1;1;960;-3
2021-04-23;23:42:32;1;1;1;1;960;-3
2021-04-23;23:43:02;1;1;1;1;960;-3
2021-04-23;23:43:32;1;1;1;1;960;-3
2021-04-23;23:44:02;1;1;1;1;960;-3
2021-04-23;23:44:32;1;1;1;1;960;-3
2021-04-23;23:45:02;1;1;1;1;960;-3
2021-04-23;23:45:32;1;1;1;1;960;-3
2021-04-23;23:46:02;1;1;1;1;960;-3
2021-04-23;23:46:32;1;1;1;1;960;-3
2021-04-23;23:47:02;1;1;1;1;960;-3
2021-04-23;23:47:32;1;1;1;1;960;-3
2021-04-23;23:48:02;1;1;1;1;960;-3
2021-04-23;23:48:32;1;1;1;1;960;-3
2021-04-23;23:49:02;1;1;1;1;960;-3
2021-04-23;23:49:32;1;1;1;1;960;-3
2021-04-23;23:50:02;1;1;1;1;960;-3
2021-04-23;23:50:32;1;1;1;1;960;-3
2021-04-23;23:51:02;1;1;1;1;960;-3
2021-04-23;23:51:32;1;1;1;1;960;-3
2021-04-23;23:52:02;1;1;1;1;960;-3
2021-04-23;23:52:32;1;1;1;1;960;-3
2021-04-23;23:53:02;1;1;1;1;960;-3
2021-04-23;23:53:32;1;1;1;1;960;-3
2021-04-23;23:54:02;1;1;1;1;960;-3
2021-04-23;23:54:32;1;1;1;1;960;-3
2021-04-23;23:55:02;1;1;1;1;960;-3
2021-04-23;23:55:32;1;1;1;1;960;-3
2021-04-23;23:56:02;1;1;1;1;960;-3
2021-04-23;23:56:32;1;1;1;1;960;-3
2021-04-23;23:57:02;1;1;1;1;960;-3
2021-04-23;23:57:32;1;1;1;1;960;-3
2021-04-23;23:58:02;1;1;1;1;960;1
2021-04-23;23:58:32;1;1;1;1;960;1
2021-04-23;23:59:02;1;1;1;1;960;1
2021-04-23;23:59:32;1;1;1;1;960;1
